record_id,package_name,record_time,foreground_time_usage,last_time_use,downloaded_data,uploaded_data,avg_cpu_usage,max_cpu_usage,was_foreground,boot
20,com.kitkatandroid.keyboard,1430754781642,0,0,0,0,-1.0,-1,0,1
33,com.kitkatandroid.keyboard,1430754902170,0,0,22251,4618,-1.0,-1,0,0
36,com.kitkatandroid.keyboard,1430754961070,0,0,104,168,-1.0,-1,0,0
117,com.kitkatandroid.keyboard,1430755981638,0,0,27107,8836,-1.0,-1,0,0
124,com.kitkatandroid.keyboard,1430756041637,0,0,104,288,-1.0,-1,0,0
224,com.kitkatandroid.keyboard,1430757481906,0,0,45143,26155,-1.0,-1,0,0
228,com.kitkatandroid.keyboard,1430757541862,0,0,545,3468,-1.0,-1,0,0
230,com.kitkatandroid.keyboard,1430757602554,0,0,0,144,-1.0,-1,0,0
351,com.kitkatandroid.keyboard,1430760124758,0,0,28610,8848,-1.0,-1,0,0
357,com.kitkatandroid.keyboard,1430760182129,0,0,104,208,-1.0,-1,0,0
411,com.kitkatandroid.keyboard,1430760781306,0,0,73049,18180,-1.0,-1,0,0
417,com.kitkatandroid.keyboard,1430760841454,0,0,104,288,-1.0,-1,0,0
451,com.kitkatandroid.keyboard,1430761321689,0,0,45366,9248,-1.0,-1,0,0
466,com.kitkatandroid.keyboard,1430761501810,0,0,73487,35059,-1.0,-1,0,0
469,com.kitkatandroid.keyboard,1430761562119,0,0,600,504,-1.0,-1,0,0
475,com.kitkatandroid.keyboard,1430761621093,0,0,337,3380,-1.0,-1,0,0
487,com.kitkatandroid.keyboard,1430761743810,0,0,0,40,-1.0,-1,0,0
527,com.kitkatandroid.keyboard,1430762221875,0,0,10595,8156,-1.0,-1,0,0
531,com.kitkatandroid.keyboard,1430762281867,0,0,20528,640,-1.0,-1,0,0
535,com.kitkatandroid.keyboard,1430762341904,0,0,208,284,-1.0,-1,0,0
554,com.kitkatandroid.keyboard,1430762581549,0,0,43694,8988,-1.0,-1,0,0
561,com.kitkatandroid.keyboard,1430762641688,0,0,276,316,-1.0,-1,0,0
575,com.kitkatandroid.keyboard,1430762762244,0,0,44807,9476,-1.0,-1,0,0
580,com.kitkatandroid.keyboard,1430762821444,0,0,104,208,-1.0,-1,0,0
701,com.kitkatandroid.keyboard,1430765161586,0,0,133798,44887,-1.0,-1,0,0
703,com.kitkatandroid.keyboard,1430765221691,0,0,493,3404,-1.0,-1,0,0
710,com.kitkatandroid.keyboard,1430765282853,0,0,0,104,-1.0,-1,0,0
804,com.kitkatandroid.keyboard,1430767202820,0,0,92000,18764,-1.0,-1,0,0
808,com.kitkatandroid.keyboard,1430767261720,0,0,208,284,-1.0,-1,0,0
822,com.kitkatandroid.keyboard,1430767381259,0,0,0,40,-1.0,-1,0,0
843,com.kitkatandroid.keyboard,1430767621979,0,0,44490,9264,-1.0,-1,0,0
848,com.kitkatandroid.keyboard,1430767682020,0,0,104,208,-1.0,-1,0,0
869,com.kitkatandroid.keyboard,1430767921764,0,0,43614,9156,-1.0,-1,0,0
874,com.kitkatandroid.keyboard,1430767982049,0,0,44849,9328,-1.0,-1,0,0
881,com.kitkatandroid.keyboard,1430768042141,0,0,172,304,-1.0,-1,0,0
885,com.kitkatandroid.keyboard,1430768101100,0,0,0,52,-1.0,-1,0,0
910,com.kitkatandroid.keyboard,1430768402648,0,0,80578,44726,-1.0,-1,0,0
915,com.kitkatandroid.keyboard,1430768461783,0,0,6168,8275,-1.0,-1,0,0
919,com.kitkatandroid.keyboard,1430768522686,0,0,52,104,-1.0,-1,0,0
923,com.kitkatandroid.keyboard,1430768581795,0,0,389,2211,-1.0,-1,0,0
966,com.kitkatandroid.keyboard,1430769481759,0,0,0,40,-1.0,-1,0,0
1117,com.kitkatandroid.keyboard,1430776224710,0,0,91090,18332,-1.0,-1,0,0
1120,com.kitkatandroid.keyboard,1430776262694,0,0,80,80,-1.0,-1,0,0
1121,com.kitkatandroid.keyboard,1430776321703,0,0,156,220,-1.0,-1,0,0
1696,com.kitkatandroid.keyboard,1430804102942,0,0,188998,58921,-1.0,-1,0,0
1702,com.kitkatandroid.keyboard,1430804162360,0,0,22377,3549,-1.0,-1,0,0
1705,com.kitkatandroid.keyboard,1430804221333,0,0,493,3743,-1.0,-1,0,0
1717,com.kitkatandroid.keyboard,1430804342652,0,0,70025,16570,-1.0,-1,0,0
1725,com.kitkatandroid.keyboard,1430804401967,0,0,637,3991,-1.0,-1,0,0
1732,com.kitkatandroid.keyboard,1430804462085,0,0,24405,7124,-1.0,-1,0,0
1737,com.kitkatandroid.keyboard,1430804522037,0,0,156,128,-1.0,-1,0,0
1744,com.kitkatandroid.keyboard,1430804581309,0,0,47986,9842,-1.0,-1,0,0
1768,com.kitkatandroid.keyboard,1430804941984,0,0,46200,9670,-1.0,-1,0,0
1873,com.kitkatandroid.keyboard,1430808723035,0,0,140444,29186,-1.0,-1,0,0
1883,com.kitkatandroid.keyboard,1430808842083,0,0,45897,26656,-1.0,-1,0,0
1888,com.kitkatandroid.keyboard,1430808901822,0,0,0,52,-1.0,-1,0,0
1890,com.kitkatandroid.keyboard,1430808962015,0,0,441,3300,-1.0,-1,0,0
1903,com.kitkatandroid.keyboard,1430809141730,0,0,0,40,-1.0,-1,0,0
2000,com.kitkatandroid.keyboard,1430811602347,0,0,46494,9674,-1.0,-1,0,0
2004,com.kitkatandroid.keyboard,1430811661755,0,0,0,104,-1.0,-1,0,0
2083,com.kitkatandroid.keyboard,1430814721461,0,0,0,92,-1.0,-1,0,0
2173,com.kitkatandroid.keyboard,1430817962250,0,0,47857,9750,-1.0,-1,0,0
2179,com.kitkatandroid.keyboard,1430818022065,0,0,0,52,-1.0,-1,0,0
2191,com.kitkatandroid.keyboard,1430818201413,0,0,0,40,-1.0,-1,0,0
2217,com.kitkatandroid.keyboard,1430818562194,0,0,46892,9690,-1.0,-1,0,0
2223,com.kitkatandroid.keyboard,1430818625159,0,0,0,144,-1.0,-1,0,0
2235,com.kitkatandroid.keyboard,1430818741723,0,0,47250,9802,-1.0,-1,0,0
2248,com.kitkatandroid.keyboard,1430818921435,0,0,46960,9922,-1.0,-1,0,0
2254,com.kitkatandroid.keyboard,1430818981982,0,0,0,40,-1.0,-1,0,0
2286,com.kitkatandroid.keyboard,1430819462489,0,0,45159,26276,-1.0,-1,0,0
2291,com.kitkatandroid.keyboard,1430819521718,0,0,44837,9726,-1.0,-1,0,0
2298,com.kitkatandroid.keyboard,1430819582000,0,0,729,6688,-1.0,-1,0,0
2304,com.kitkatandroid.keyboard,1430819642278,0,0,0,40,-1.0,-1,0,0
2311,com.kitkatandroid.keyboard,1430819701328,0,0,22570,4793,-1.0,-1,0,0
2314,com.kitkatandroid.keyboard,1430819761265,0,0,0,92,-1.0,-1,0,0
2354,com.kitkatandroid.keyboard,1430820302059,0,0,44199,9465,-1.0,-1,0,0
2358,com.kitkatandroid.keyboard,1430820361982,0,0,104,208,-1.0,-1,0,0
2366,com.kitkatandroid.keyboard,1430820422506,0,0,0,80,-1.0,-1,0,0
2384,com.kitkatandroid.keyboard,1430820601536,0,0,45806,9196,-1.0,-1,0,0
2386,com.kitkatandroid.keyboard,1430820661831,0,0,104,300,-1.0,-1,0,0
2441,com.kitkatandroid.keyboard,1430821925451,0,0,89488,18596,-1.0,-1,0,0
2445,com.kitkatandroid.keyboard,1430821981568,0,0,52,92,-1.0,-1,0,0
2449,com.kitkatandroid.keyboard,1430822041534,0,0,0,52,-1.0,-1,0,0
2560,com.kitkatandroid.keyboard,1430823481653,0,0,45527,26119,-1.0,-1,0,0
2567,com.kitkatandroid.keyboard,1430823541738,0,0,224,408,-1.0,-1,0,0
2610,com.kitkatandroid.keyboard,1430823981830,0,0,68839,21213,-1.0,-1,0,0
2645,com.kitkatandroid.keyboard,1430824321569,0,0,89374,18370,-1.0,-1,0,0
2688,com.kitkatandroid.keyboard,1430824921686,0,0,91232,19760,-1.0,-1,0,0
2784,com.kitkatandroid.keyboard,1430826422536,0,0,222603,74290,-1.0,-1,0,0
2815,com.kitkatandroid.keyboard,1430826782136,0,0,52551,10670,-1.0,-1,0,0
2825,com.kitkatandroid.keyboard,1430826901488,0,0,22532,4781,-1.0,-1,0,0
2828,com.kitkatandroid.keyboard,1430826961482,0,0,0,52,-1.0,-1,0,0
2837,com.kitkatandroid.keyboard,1430827084106,0,0,67273,14731,-1.0,-1,0,0
2840,com.kitkatandroid.keyboard,1430827142058,0,0,144,156,-1.0,-1,0,0
2911,com.kitkatandroid.keyboard,1430830442006,0,0,23954,21947,-1.0,-1,0,0
2919,com.kitkatandroid.keyboard,1430830561981,0,0,389,1564,-1.0,-1,0,0
2989,com.kitkatandroid.keyboard,1430832962213,0,0,68914,14635,-1.0,-1,0,0
3092,com.kitkatandroid.keyboard,1430836141140,0,0,846,1444,-1.0,-1,0,0
3100,com.kitkatandroid.keyboard,1430836201144,0,0,35286,8126,-1.0,-1,0,0
3186,com.kitkatandroid.keyboard,1430838182902,0,0,43994,9272,-1.0,-1,0,0
3219,com.kitkatandroid.keyboard,1430838680899,0,0,45378,9714,-1.0,-1,0,0
3224,com.kitkatandroid.keyboard,1430838721955,0,0,80,288,-1.0,-1,0,0
3234,com.kitkatandroid.keyboard,1430838842011,0,0,5837,4449,-1.0,-1,0,0
3239,com.kitkatandroid.keyboard,1430838902005,0,0,0,52,-1.0,-1,0,0
3252,com.kitkatandroid.keyboard,1430839021136,0,0,0,40,-1.0,-1,0,0
3270,com.kitkatandroid.keyboard,1430839201546,0,0,46893,26864,-1.0,-1,0,0
3276,com.kitkatandroid.keyboard,1430839262111,0,0,0,248,-1.0,-1,0,0
3278,com.kitkatandroid.keyboard,1430839321261,0,0,6168,7529,-1.0,-1,0,0
3284,com.kitkatandroid.keyboard,1430839445915,0,0,389,2159,-1.0,-1,0,0
3331,com.kitkatandroid.keyboard,1430840461753,0,0,43682,9774,-1.0,-1,0,0
3343,com.kitkatandroid.keyboard,1430840772567,0,0,0,92,-1.0,-1,0,0
3486,com.kitkatandroid.keyboard,1430843281698,0,0,29102,9190,-1.0,-1,0,0
3490,com.kitkatandroid.keyboard,1430843343583,0,0,0,92,-1.0,-1,0,0
3525,com.kitkatandroid.keyboard,1430843941578,0,0,44847,9778,-1.0,-1,0,0
3538,com.kitkatandroid.keyboard,1430844301652,0,0,0,40,-1.0,-1,0,0
3551,com.kitkatandroid.keyboard,1430844542413,0,0,6167,5585,-1.0,-1,0,0
3556,com.kitkatandroid.keyboard,1430844601585,0,0,39220,4125,-1.0,-1,0,0
3568,com.kitkatandroid.keyboard,1430844781556,0,0,45346,9374,-1.0,-1,0,0
3573,com.kitkatandroid.keyboard,1430844841548,0,0,184,340,-1.0,-1,0,0
3617,com.kitkatandroid.keyboard,1430845381684,0,0,23482,23321,-1.0,-1,0,0
3626,com.kitkatandroid.keyboard,1430845501861,0,0,389,1656,-1.0,-1,0,0
3632,com.kitkatandroid.keyboard,1430845561932,0,0,22379,4825,-1.0,-1,0,0
3637,com.kitkatandroid.keyboard,1430845621923,0,0,0,52,-1.0,-1,0,0
3660,com.kitkatandroid.keyboard,1430845922120,0,0,46479,9934,-1.0,-1,0,0
3724,com.kitkatandroid.keyboard,1430848441204,0,0,45717,9750,-1.0,-1,0,0
3732,com.kitkatandroid.keyboard,1430848514159,0,0,0,40,-1.0,-1,0,0
3770,com.kitkatandroid.keyboard,1430849161877,0,0,29325,9338,-1.0,-1,0,0
3796,com.kitkatandroid.keyboard,1430849581512,0,0,28623,8840,-1.0,-1,0,0
3802,com.kitkatandroid.keyboard,1430849641550,0,0,52,196,-1.0,-1,0,0
3835,com.kitkatandroid.keyboard,1430850121761,0,0,11805,25275,-1.0,-1,0,0
3840,com.kitkatandroid.keyboard,1430850182020,0,0,545,1964,-1.0,-1,0,0
3847,com.kitkatandroid.keyboard,1430850302091,0,0,22592,4536,-1.0,-1,0,0
3852,com.kitkatandroid.keyboard,1430850361110,0,0,144,236,-1.0,-1,0,0
3854,com.kitkatandroid.keyboard,1430850421084,0,0,0,52,-1.0,-1,0,0
3863,com.kitkatandroid.keyboard,1430850661321,0,0,27707,8636,-1.0,-1,0,0
3868,com.kitkatandroid.keyboard,1430850721251,0,0,288,312,-1.0,-1,0,0
3871,com.kitkatandroid.keyboard,1430850781267,0,0,0,184,-1.0,-1,0,0
3896,com.kitkatandroid.keyboard,1430851201807,0,0,72967,17920,-1.0,-1,0,0
3903,com.kitkatandroid.keyboard,1430851261860,0,0,288,404,-1.0,-1,0,0
3909,com.kitkatandroid.keyboard,1430851323584,0,0,0,52,-1.0,-1,0,0
3915,com.kitkatandroid.keyboard,1430851386955,0,0,0,40,-1.0,-1,0,0
4033,com.kitkatandroid.keyboard,1430853961773,0,0,44688,9248,-1.0,-1,0,0
4099,com.kitkatandroid.keyboard,1430855401229,0,0,44533,26399,-1.0,-1,0,0
4115,com.kitkatandroid.keyboard,1430855581676,0,0,33201,20067,-1.0,-1,0,0
4410,com.kitkatandroid.keyboard,1430867064056,0,0,50044,13408,-1.0,-1,0,0
4412,com.kitkatandroid.keyboard,1430867102522,0,0,17858,612,-1.0,-1,0,0
4420,com.kitkatandroid.keyboard,1430867197056,0,0,44849,9424,-1.0,-1,0,0
4425,com.kitkatandroid.keyboard,1430867282244,0,0,208,232,-1.0,-1,0,0
4429,com.kitkatandroid.keyboard,1430867342214,0,0,0,104,-1.0,-1,0,0
4473,com.kitkatandroid.keyboard,1430870401260,0,0,0,92,-1.0,-1,0,0
4794,com.kitkatandroid.keyboard,1430889481711,0,0,44953,9613,-1.0,-1,0,0
4801,com.kitkatandroid.keyboard,1430889541669,0,0,104,300,-1.0,-1,0,0
4821,com.kitkatandroid.keyboard,1430889782290,0,0,22688,4708,-1.0,-1,0,0
4826,com.kitkatandroid.keyboard,1430889841338,0,0,52,104,-1.0,-1,0,0
4902,com.kitkatandroid.keyboard,1430890807545,0,0,5714,5481,-1.0,-1,0,0
4910,com.kitkatandroid.keyboard,1430890861587,0,0,40042,4201,-1.0,-1,0,0
4917,com.kitkatandroid.keyboard,1430890923685,0,0,23570,25601,-1.0,-1,0,0
4926,com.kitkatandroid.keyboard,1430890981639,0,0,21936,1416,-1.0,-1,0,0
4931,com.kitkatandroid.keyboard,1430891041808,0,0,390,3248,-1.0,-1,0,0
4956,com.kitkatandroid.keyboard,1430891281263,0,0,161515,42097,-1.0,-1,0,0
4961,com.kitkatandroid.keyboard,1430891341387,0,0,637,5475,-1.0,-1,0,0
4984,com.kitkatandroid.keyboard,1430891646171,0,0,45633,9710,-1.0,-1,0,0
4989,com.kitkatandroid.keyboard,1430891701149,0,0,80,184,-1.0,-1,0,0
5130,com.kitkatandroid.keyboard,1430897822459,0,0,66938,15102,-1.0,-1,0,0
5169,com.kitkatandroid.keyboard,1430898601893,0,0,45559,9204,-1.0,-1,0,0
5172,com.kitkatandroid.keyboard,1430898662561,0,0,104,104,-1.0,-1,0,0
5179,com.kitkatandroid.keyboard,1430898842035,0,0,0,144,-1.0,-1,0,0
5272,com.kitkatandroid.keyboard,1430900893855,0,0,46269,9112,-1.0,-1,0,0
5276,com.kitkatandroid.keyboard,1430900941887,0,0,132,184,-1.0,-1,0,0
5280,com.kitkatandroid.keyboard,1430901005408,0,0,104,208,-1.0,-1,0,0
5292,com.kitkatandroid.keyboard,1430901241603,0,0,42394,26003,-1.0,-1,0,0
5298,com.kitkatandroid.keyboard,1430901301727,0,0,5017,568,-1.0,-1,0,0
5306,com.kitkatandroid.keyboard,1430901361878,0,0,22704,6244,-1.0,-1,0,0
5374,com.kitkatandroid.keyboard,1430902504005,0,0,46362,13950,-1.0,-1,0,0
5378,com.kitkatandroid.keyboard,1430902562126,0,0,52,52,-1.0,-1,0,0
5382,com.kitkatandroid.keyboard,1430902621314,0,0,0,52,-1.0,-1,0,0
5453,com.kitkatandroid.keyboard,1430904302210,0,0,46392,9404,-1.0,-1,0,0
5457,com.kitkatandroid.keyboard,1430904361208,0,0,104,208,-1.0,-1,0,0
5588,com.kitkatandroid.keyboard,1430935681215,0,0,46744,27633,-1.0,-1,1,0
5591,com.kitkatandroid.keyboard,1430935741279,0,0,156,260,-1.0,-1,0,0
5594,com.kitkatandroid.keyboard,1430935801347,0,0,337,3288,-1.0,-1,0,0
5679,com.kitkatandroid.keyboard,1430937661496,0,0,44232,9254,-1.0,-1,0,0
5682,com.kitkatandroid.keyboard,1430937721558,0,0,156,272,-1.0,-1,0,0
5708,com.kitkatandroid.keyboard,1430938321404,0,0,0,80,-1.0,-1,0,0
5725,com.kitkatandroid.keyboard,1430938460022,0,0,46917,9194,-1.0,-1,0,0
5728,com.kitkatandroid.keyboard,1430938501986,0,0,104,104,-1.0,-1,0,0
5736,com.kitkatandroid.keyboard,1430938562048,0,0,0,104,-1.0,-1,0,0
5803,com.kitkatandroid.keyboard,1430939581841,0,0,66498,13887,-1.0,-1,0,0
5808,com.kitkatandroid.keyboard,1430939641840,0,0,92,184,-1.0,-1,0,0
5813,com.kitkatandroid.keyboard,1430939701923,0,0,0,52,-1.0,-1,0,0
5828,com.kitkatandroid.keyboard,1430939822227,0,0,43376,8986,-1.0,-1,0,0
5836,com.kitkatandroid.keyboard,1430939881301,0,0,69553,31334,-1.0,-1,0,0
5843,com.kitkatandroid.keyboard,1430939941546,0,0,22261,7917,-1.0,-1,0,0
5899,com.kitkatandroid.keyboard,1430941681599,0,0,46011,11585,-1.0,-1,0,0
5923,com.kitkatandroid.keyboard,1430941921731,0,0,44216,9346,-1.0,-1,0,0
5930,com.kitkatandroid.keyboard,1430941981858,0,0,144,236,-1.0,-1,0,0
5936,com.kitkatandroid.keyboard,1430942041828,0,0,0,52,-1.0,-1,0,0
5941,com.kitkatandroid.keyboard,1430942101868,0,0,0,80,-1.0,-1,0,0
6488,com.kitkatandroid.keyboard,1430973541520,0,0,46054,9238,-1.0,-1,0,0
6491,com.kitkatandroid.keyboard,1430973601486,0,0,104,208,-1.0,-1,0,0
6497,com.kitkatandroid.keyboard,1430973662260,0,0,0,80,-1.0,-1,0,0
6589,com.kitkatandroid.keyboard,1430975360971,0,0,45033,9326,-1.0,-1,0,0
6597,com.kitkatandroid.keyboard,1430975402148,0,0,0,52,-1.0,-1,0,0
6620,com.kitkatandroid.keyboard,1430975641471,0,0,42790,9118,-1.0,-1,0,0
6668,com.kitkatandroid.keyboard,1430976121489,0,0,47320,26405,-1.0,-1,0,0
6678,com.kitkatandroid.keyboard,1430976181561,0,0,545,3404,-1.0,-1,0,0
6680,com.kitkatandroid.keyboard,1430976241580,0,0,0,144,-1.0,-1,0,0
7040,com.kitkatandroid.keyboard,1430987821604,0,0,46117,9751,-1.0,-1,0,0
7043,com.kitkatandroid.keyboard,1430987881984,0,0,104,104,-1.0,-1,0,0
7044,com.kitkatandroid.keyboard,1430987942076,0,0,0,104,-1.0,-1,0,0
7109,com.kitkatandroid.keyboard,1430989741425,0,0,45623,9246,-1.0,-1,0,0
7114,com.kitkatandroid.keyboard,1430989801953,0,0,236,288,-1.0,-1,0,0
7118,com.kitkatandroid.keyboard,1430989862113,0,0,0,104,-1.0,-1,0,0
7140,com.kitkatandroid.keyboard,1430990701610,0,0,0,40,-1.0,-1,0,0
7162,com.kitkatandroid.keyboard,1430991001667,0,0,90007,19336,-1.0,-1,0,0
7170,com.kitkatandroid.keyboard,1430991122453,0,0,45158,9312,-1.0,-1,0,0
7175,com.kitkatandroid.keyboard,1430991181584,0,0,525,444,-1.0,-1,0,0
7194,com.kitkatandroid.keyboard,1430991901193,0,0,0,92,-1.0,-1,0,0
7214,com.kitkatandroid.keyboard,1430992202301,0,0,69159,34797,-1.0,-1,0,0
7220,com.kitkatandroid.keyboard,1430992262089,0,0,23911,6905,-1.0,-1,0,0
7225,com.kitkatandroid.keyboard,1430992321279,0,0,40,132,-1.0,-1,0,0
7232,com.kitkatandroid.keyboard,1430992441876,0,0,75607,21782,-1.0,-1,0,0
7239,com.kitkatandroid.keyboard,1430992505030,0,0,51555,12587,-1.0,-1,0,0
7251,com.kitkatandroid.keyboard,1430992621258,0,0,23416,12229,-1.0,-1,0,0
7263,com.kitkatandroid.keyboard,1430992802195,0,0,42581,13702,-1.0,-1,0,0
7269,com.kitkatandroid.keyboard,1430992861407,0,0,3282,2227,-1.0,-1,0,0
7272,com.kitkatandroid.keyboard,1430992921245,0,0,52,52,-1.0,-1,0,0
7355,com.kitkatandroid.keyboard,1430994182014,0,0,137647,27618,-1.0,-1,0,0
7423,com.kitkatandroid.keyboard,1430995142135,0,0,165665,53240,-1.0,-1,0,0
7576,com.kitkatandroid.keyboard,1430997121959,0,0,116709,33846,-1.0,-1,0,0
7598,com.kitkatandroid.keyboard,1430997481307,0,0,45198,9672,-1.0,-1,0,0
7605,com.kitkatandroid.keyboard,1430997541896,0,0,45282,9356,-1.0,-1,0,0
7612,com.kitkatandroid.keyboard,1430997601894,0,0,19992,5170,-1.0,-1,0,0
7640,com.kitkatandroid.keyboard,1430998081483,0,0,32651,8147,-1.0,-1,0,0
7663,com.kitkatandroid.keyboard,1430998501346,0,0,68228,28461,-1.0,-1,0,0
7696,com.kitkatandroid.keyboard,1430998861874,0,0,116552,28045,-1.0,-1,0,0
7743,com.kitkatandroid.keyboard,1430999401742,0,0,23038,4713,-1.0,-1,0,0
7760,com.kitkatandroid.keyboard,1430999581138,0,0,125743,29715,-1.0,-1,0,0
7766,com.kitkatandroid.keyboard,1430999642421,0,0,144,288,-1.0,-1,0,0
7779,com.kitkatandroid.keyboard,1430999762235,0,0,0,40,-1.0,-1,0,0
7813,com.kitkatandroid.keyboard,1431000243907,0,0,55948,29791,-1.0,-1,0,0
7820,com.kitkatandroid.keyboard,1431000301876,0,0,52,104,-1.0,-1,0,0
7896,com.kitkatandroid.keyboard,1431003181277,0,0,46440,15323,-1.0,-1,0,0
7899,com.kitkatandroid.keyboard,1431003241564,0,0,52,156,-1.0,-1,0,0
7987,com.kitkatandroid.keyboard,1431006065408,0,0,22910,6029,-1.0,-1,0,0
7992,com.kitkatandroid.keyboard,1431006121862,0,0,22151,3173,-1.0,-1,0,0
7998,com.kitkatandroid.keyboard,1431006181925,0,0,104,208,-1.0,-1,0,0
8009,com.kitkatandroid.keyboard,1431006301505,0,0,0,80,-1.0,-1,0,0
8076,com.kitkatandroid.keyboard,1431009424393,0,0,45899,9620,-1.0,-1,0,0
8200,com.kitkatandroid.keyboard,1431014761994,0,0,45645,10044,-1.0,-1,0,0
8265,com.kitkatandroid.keyboard,1431015601459,0,0,45245,9254,-1.0,-1,0,0
8269,com.kitkatandroid.keyboard,1431015661550,0,0,104,208,-1.0,-1,0,0
8274,com.kitkatandroid.keyboard,1431015721863,0,0,0,80,-1.0,-1,0,0
8298,com.kitkatandroid.keyboard,1431016082411,0,0,51566,29271,-1.0,-1,0,0
8305,com.kitkatandroid.keyboard,1431016141978,0,0,43256,9210,-1.0,-1,0,0
8310,com.kitkatandroid.keyboard,1431016202137,0,0,545,4924,-1.0,-1,0,0
8314,com.kitkatandroid.keyboard,1431016261176,0,0,0,104,-1.0,-1,0,0
8392,com.kitkatandroid.keyboard,1431017582600,0,0,21790,8788,-1.0,-1,0,0
8396,com.kitkatandroid.keyboard,1431017642870,0,0,27330,1140,-1.0,-1,0,0
8567,com.kitkatandroid.keyboard,1431024181383,0,0,45448,9330,-1.0,-1,0,0
8576,com.kitkatandroid.keyboard,1431024302012,0,0,51275,12660,-1.0,-1,0,0
8583,com.kitkatandroid.keyboard,1431024362108,0,0,52,104,-1.0,-1,0,0
8621,com.kitkatandroid.keyboard,1431024904674,0,0,45823,9238,-1.0,-1,0,0
8630,com.kitkatandroid.keyboard,1431024961701,0,0,104,208,-1.0,-1,0,0
8723,com.kitkatandroid.keyboard,1431026522121,0,0,44937,9250,-1.0,-1,0,0
8732,com.kitkatandroid.keyboard,1431026582283,0,0,104,208,-1.0,-1,0,0
8839,com.kitkatandroid.keyboard,1431028663104,0,0,0,40,-1.0,-1,0,0
8849,com.kitkatandroid.keyboard,1431028741430,0,0,45999,26145,-1.0,-1,0,0
9504,com.kitkatandroid.keyboard,1431062581818,0,0,44562,13070,-1.0,-1,0,0
9722,com.kitkatandroid.keyboard,1431066002128,0,0,46080,9850,-1.0,-1,0,0
9725,com.kitkatandroid.keyboard,1431066062578,0,0,104,208,-1.0,-1,0,0
9807,com.kitkatandroid.keyboard,1431067501867,0,0,44567,9554,-1.0,-1,0,0
9813,com.kitkatandroid.keyboard,1431067561894,0,0,104,208,-1.0,-1,0,0
9942,com.kitkatandroid.keyboard,1431070261888,0,0,46972,9246,-1.0,-1,0,0
9945,com.kitkatandroid.keyboard,1431070322325,0,0,104,208,-1.0,-1,0,0
9965,com.kitkatandroid.keyboard,1431070502149,0,0,90678,35751,-1.0,-1,0,0
9972,com.kitkatandroid.keyboard,1431070561180,0,0,156,260,-1.0,-1,0,0
10058,com.kitkatandroid.keyboard,1431073741434,0,0,91920,21768,-1.0,-1,0,0
10228,com.kitkatandroid.keyboard,1431078842010,0,0,138314,29714,-1.0,-1,0,0
10234,com.kitkatandroid.keyboard,1431078961428,0,0,0,144,-1.0,-1,0,0
10248,com.kitkatandroid.keyboard,1431079501228,0,0,46701,26807,-1.0,-1,0,0
10251,com.kitkatandroid.keyboard,1431079561788,0,0,389,3100,-1.0,-1,0,0
10258,com.kitkatandroid.keyboard,1431079625942,0,0,0,104,-1.0,-1,0,0
10270,com.kitkatandroid.keyboard,1431079741376,0,0,23388,4958,-1.0,-1,0,0
10277,com.kitkatandroid.keyboard,1431079922202,0,0,0,40,-1.0,-1,0,0
10281,com.kitkatandroid.keyboard,1431079981405,0,0,0,40,-1.0,-1,0,0
10352,com.kitkatandroid.keyboard,1431081721212,0,0,45003,9712,-1.0,-1,0,0
10494,com.kitkatandroid.keyboard,1431089462371,0,0,46924,9472,-1.0,-1,0,0
10504,com.kitkatandroid.keyboard,1431089521514,0,0,196,392,-1.0,-1,0,0
10569,com.kitkatandroid.keyboard,1431092461970,0,0,47431,9796,-1.0,-1,0,0
10574,com.kitkatandroid.keyboard,1431092525336,0,0,0,248,-1.0,-1,0,0
10701,com.kitkatandroid.keyboard,1431094441994,0,0,12943,8820,-1.0,-1,0,0
10717,com.kitkatandroid.keyboard,1431094622273,0,0,64047,27993,-1.0,-1,0,0
10724,com.kitkatandroid.keyboard,1431094681673,0,0,1060,40,-1.0,-1,0,0
10729,com.kitkatandroid.keyboard,1431094741610,0,0,337,1564,-1.0,-1,0,0
10810,com.kitkatandroid.keyboard,1431097201589,0,0,68228,14360,-1.0,-1,0,0
10811,com.kitkatandroid.keyboard,1431097261464,0,0,156,168,-1.0,-1,0,0
10814,com.kitkatandroid.keyboard,1431097321482,0,0,0,104,-1.0,-1,0,0
10922,com.kitkatandroid.keyboard,1431100384136,0,0,44797,9162,-1.0,-1,0,0
10928,com.kitkatandroid.keyboard,1431100441050,0,0,686,432,-1.0,-1,0,0
10935,com.kitkatandroid.keyboard,1431100501374,0,0,0,40,-1.0,-1,0,0
11266,com.kitkatandroid.keyboard,1431107304745,0,0,44845,9388,-1.0,-1,0,0
11273,com.kitkatandroid.keyboard,1431107341988,0,0,340,444,-1.0,-1,0,0
11275,com.kitkatandroid.keyboard,1431107401929,0,0,23749,5138,-1.0,-1,0,0
11304,com.kitkatandroid.keyboard,1431107822243,0,0,46114,9824,-1.0,-1,0,0
11307,com.kitkatandroid.keyboard,1431107882054,0,0,0,52,-1.0,-1,0,0
11391,com.kitkatandroid.keyboard,1431109141124,0,0,72515,31231,-1.0,-1,0,0
11397,com.kitkatandroid.keyboard,1431109201405,0,0,389,3144,-1.0,-1,0,0
11401,com.kitkatandroid.keyboard,1431109262145,0,0,0,104,-1.0,-1,0,0
11472,com.kitkatandroid.keyboard,1431110341205,0,0,47331,9964,-1.0,-1,0,0
11509,com.kitkatandroid.keyboard,1431110941898,0,0,23113,4878,-1.0,-1,0,0
11514,com.kitkatandroid.keyboard,1431111001934,0,0,0,52,-1.0,-1,0,0
11529,com.kitkatandroid.keyboard,1431111241549,0,0,0,40,-1.0,-1,0,0
11624,com.kitkatandroid.keyboard,1431113641944,0,0,45568,9756,-1.0,-1,0,0
11628,com.kitkatandroid.keyboard,1431113701997,0,0,0,92,-1.0,-1,0,0
11760,com.kitkatandroid.keyboard,1431118201347,0,0,46067,9672,-1.0,-1,0,0
11768,com.kitkatandroid.keyboard,1431118321359,0,0,0,92,-1.0,-1,0,0
11844,com.kitkatandroid.keyboard,1431120601965,0,0,169287,56332,-1.0,-1,0,0
11888,com.kitkatandroid.keyboard,1431121261325,0,0,93504,25507,-1.0,-1,0,0
11895,com.kitkatandroid.keyboard,1431121321312,0,0,23262,4734,-1.0,-1,0,0
11901,com.kitkatandroid.keyboard,1431121381442,0,0,196,392,-1.0,-1,0,0
11974,com.kitkatandroid.keyboard,1431122401777,0,0,0,0,-1.0,-1,0,0
12073,com.kitkatandroid.keyboard,1431124741553,0,0,45237,9664,-1.0,-1,0,0
12131,com.kitkatandroid.keyboard,1431125401813,0,0,162563,55461,-1.0,-1,0,0
12191,com.kitkatandroid.keyboard,1431126722300,0,0,46116,13679,-1.0,-1,0,0
12254,com.kitkatandroid.keyboard,1431127861704,0,0,45701,9444,-1.0,-1,0,0
12266,com.kitkatandroid.keyboard,1431128101680,0,0,45802,9908,-1.0,-1,0,0
12374,com.kitkatandroid.keyboard,1431130201856,0,0,46088,9888,-1.0,-1,0,0
12477,com.kitkatandroid.keyboard,1431134701696,0,0,46334,9700,-1.0,-1,0,0
12695,com.kitkatandroid.keyboard,1431144841603,0,0,1278,6040,-1.0,-1,0,0
12704,com.kitkatandroid.keyboard,1431144901630,0,0,46827,21860,-1.0,-1,0,0
12711,com.kitkatandroid.keyboard,1431144961780,0,0,647,6490,-1.0,-1,0,0
12718,com.kitkatandroid.keyboard,1431145022887,0,0,104,104,-1.0,-1,0,0
12881,com.kitkatandroid.keyboard,1431151561881,0,0,45996,9820,-1.0,-1,0,0
12900,com.kitkatandroid.keyboard,1431151742372,0,0,15384,4506,-1.0,-1,0,0
12904,com.kitkatandroid.keyboard,1431151801465,0,0,7192,396,-1.0,-1,0,0
12909,com.kitkatandroid.keyboard,1431151862238,0,0,0,40,-1.0,-1,0,0
12987,com.kitkatandroid.keyboard,1431153061844,0,0,44956,9250,-1.0,-1,0,0
12999,com.kitkatandroid.keyboard,1431153182229,0,0,47027,9426,-1.0,-1,0,0
13002,com.kitkatandroid.keyboard,1431153241254,0,0,104,104,-1.0,-1,0,0
13006,com.kitkatandroid.keyboard,1431153301602,0,0,0,104,-1.0,-1,0,0
13012,com.kitkatandroid.keyboard,1431153361831,0,0,0,132,-1.0,-1,0,0
13108,com.kitkatandroid.keyboard,1431156001431,0,0,46122,9503,-1.0,-1,0,0
13173,com.kitkatandroid.keyboard,1431157021877,0,0,52771,29195,-1.0,-1,0,0
13176,com.kitkatandroid.keyboard,1431157081839,0,0,481,1876,-1.0,-1,0,0
13315,com.kitkatandroid.keyboard,1431160741919,0,0,69872,13995,-1.0,-1,0,0
13372,com.kitkatandroid.keyboard,1431161581559,0,0,46052,9386,-1.0,-1,0,0
13377,com.kitkatandroid.keyboard,1431161641518,0,0,104,248,-1.0,-1,0,0
13408,com.kitkatandroid.keyboard,1431162062368,0,0,53199,12605,-1.0,-1,0,0
13413,com.kitkatandroid.keyboard,1431162121362,0,0,22961,4857,-1.0,-1,0,0
13440,com.kitkatandroid.keyboard,1431162601665,0,0,45431,9182,-1.0,-1,0,0
13446,com.kitkatandroid.keyboard,1431162661677,0,0,264,304,-1.0,-1,0,0
13449,com.kitkatandroid.keyboard,1431162721698,0,0,0,104,-1.0,-1,0,0
13456,com.kitkatandroid.keyboard,1431162781998,0,0,0,80,-1.0,-1,0,0
13474,com.kitkatandroid.keyboard,1431163163642,0,0,70102,30954,-1.0,-1,0,0
13480,com.kitkatandroid.keyboard,1431163202537,0,0,52,52,-1.0,-1,0,0
13488,com.kitkatandroid.keyboard,1431163298099,0,0,45117,14199,-1.0,-1,0,0
13492,com.kitkatandroid.keyboard,1431163321086,0,0,389,3691,-1.0,-1,0,0
13496,com.kitkatandroid.keyboard,1431163381119,0,0,104,352,-1.0,-1,0,0
13500,com.kitkatandroid.keyboard,1431163441392,0,0,46641,9330,-1.0,-1,0,0
13504,com.kitkatandroid.keyboard,1431163501331,0,0,104,156,-1.0,-1,0,0
13507,com.kitkatandroid.keyboard,1431163561340,0,0,0,52,-1.0,-1,0,0
13529,com.kitkatandroid.keyboard,1431164101638,0,0,23927,4845,-1.0,-1,0,0
13554,com.kitkatandroid.keyboard,1431164341884,0,0,69779,15025,-1.0,-1,0,0
13566,com.kitkatandroid.keyboard,1431164461222,0,0,23075,5430,-1.0,-1,0,0
13570,com.kitkatandroid.keyboard,1431164521152,0,0,52,104,-1.0,-1,0,0
13577,com.kitkatandroid.keyboard,1431164581656,0,0,0,40,-1.0,-1,0,0
13606,com.kitkatandroid.keyboard,1431165003505,0,0,23167,6299,-1.0,-1,0,0
13612,com.kitkatandroid.keyboard,1431165061429,0,0,52,104,-1.0,-1,0,0
13653,com.kitkatandroid.keyboard,1431165605629,0,0,55809,35422,-1.0,-1,0,0
13668,com.kitkatandroid.keyboard,1431165781930,0,0,51248,16958,-1.0,-1,0,0
13674,com.kitkatandroid.keyboard,1431165842310,0,0,112,2159,-1.0,-1,0,0
13680,com.kitkatandroid.keyboard,1431165901442,0,0,277,52,-1.0,-1,0,0
13684,com.kitkatandroid.keyboard,1431165962060,0,0,52,52,-1.0,-1,0,0
13795,com.kitkatandroid.keyboard,1431168182150,0,0,46973,9731,-1.0,-1,0,0
13805,com.kitkatandroid.keyboard,1431168248248,0,0,156,272,-1.0,-1,0,0
13883,com.kitkatandroid.keyboard,1431170221793,0,0,22726,4638,-1.0,-1,0,0
13887,com.kitkatandroid.keyboard,1431170282671,0,0,144,248,-1.0,-1,0,0
13925,com.kitkatandroid.keyboard,1431170821768,0,0,52793,12064,-1.0,-1,0,0
13933,com.kitkatandroid.keyboard,1431170882131,0,0,92,368,-1.0,-1,0,0
13945,com.kitkatandroid.keyboard,1431171061456,0,0,44966,9294,-1.0,-1,0,0
13949,com.kitkatandroid.keyboard,1431171122129,0,0,104,208,-1.0,-1,0,0
13979,com.kitkatandroid.keyboard,1431171601273,0,0,0,80,-1.0,-1,0,0
13993,com.kitkatandroid.keyboard,1431171781234,0,0,45683,9466,-1.0,-1,0,0
14006,com.kitkatandroid.keyboard,1431171964094,0,0,47399,26193,-1.0,-1,0,0
14011,com.kitkatandroid.keyboard,1431172021074,0,0,276,380,-1.0,-1,0,0
14022,com.kitkatandroid.keyboard,1431172141498,0,0,90913,20108,-1.0,-1,0,0
14028,com.kitkatandroid.keyboard,1431172201734,0,0,48116,16561,-1.0,-1,0,0
14034,com.kitkatandroid.keyboard,1431172261736,0,0,493,3991,-1.0,-1,0,0
14039,com.kitkatandroid.keyboard,1431172322117,0,0,0,92,-1.0,-1,0,0
14045,com.kitkatandroid.keyboard,1431172381714,0,0,23181,4621,-1.0,-1,0,0
14090,com.kitkatandroid.keyboard,1431172865793,0,0,46618,9394,-1.0,-1,0,0
14099,com.kitkatandroid.keyboard,1431172922384,0,0,52,104,-1.0,-1,0,0
14339,com.kitkatandroid.keyboard,1431180421665,0,0,53539,12356,-1.0,-1,0,0
14342,com.kitkatandroid.keyboard,1431180481672,0,0,52,104,-1.0,-1,0,0
14463,com.kitkatandroid.keyboard,1431183421977,0,0,52658,12192,-1.0,-1,0,0
14466,com.kitkatandroid.keyboard,1431183481785,0,0,144,248,-1.0,-1,0,0
14525,com.kitkatandroid.keyboard,1431185533871,0,0,18810,13087,-1.0,-1,0,0
14616,com.kitkatandroid.keyboard,1431186662249,0,0,178292,84807,-1.0,-1,0,0
14621,com.kitkatandroid.keyboard,1431186721306,0,0,52,104,-1.0,-1,0,0
14656,com.kitkatandroid.keyboard,1431187143412,0,0,13759,9063,-1.0,-1,0,0
14666,com.kitkatandroid.keyboard,1431187201480,0,0,6352,5188,-1.0,-1,0,0
14672,com.kitkatandroid.keyboard,1431187261399,0,0,3861,2800,-1.0,-1,0,0
14686,com.kitkatandroid.keyboard,1431187442027,0,0,24870,4873,-1.0,-1,0,0
14691,com.kitkatandroid.keyboard,1431187503313,0,0,52,104,-1.0,-1,0,0
14708,com.kitkatandroid.keyboard,1431187624322,0,0,30128,8760,-1.0,-1,0,0
14810,com.kitkatandroid.keyboard,1431188761471,0,0,98325,56424,-1.0,-1,0,0
14814,com.kitkatandroid.keyboard,1431188821469,0,0,316,328,-1.0,-1,0,0
14857,com.kitkatandroid.keyboard,1431189241783,0,0,30199,10146,-1.0,-1,0,0
14869,com.kitkatandroid.keyboard,1431189361402,0,0,7837,4704,-1.0,-1,0,0
14903,com.kitkatandroid.keyboard,1431189721774,0,0,12868,8600,-1.0,-1,0,0
14911,com.kitkatandroid.keyboard,1431189781725,0,0,29257,9036,-1.0,-1,0,0
14917,com.kitkatandroid.keyboard,1431189841809,0,0,104,208,-1.0,-1,0,0
15012,com.kitkatandroid.keyboard,1431191527958,0,0,48352,27318,-1.0,-1,0,0
15019,com.kitkatandroid.keyboard,1431191582609,0,0,337,1732,-1.0,-1,0,0
15112,com.kitkatandroid.keyboard,1431192901887,0,0,29359,8584,-1.0,-1,0,0
15115,com.kitkatandroid.keyboard,1431192962558,0,0,316,356,-1.0,-1,0,0
15118,com.kitkatandroid.keyboard,1431193021542,0,0,0,104,-1.0,-1,0,0
15130,com.kitkatandroid.keyboard,1431193381961,0,0,28600,8688,-1.0,-1,0,0
15334,com.kitkatandroid.keyboard,1431197969365,0,0,109630,57305,-1.0,-1,0,0
15339,com.kitkatandroid.keyboard,1431198005864,0,0,6480,4292,-1.0,-1,0,0
15373,com.kitkatandroid.keyboard,1431198362052,0,0,47235,24390,-1.0,-1,0,0
15377,com.kitkatandroid.keyboard,1431198422071,0,0,104,208,-1.0,-1,0,0
15393,com.kitkatandroid.keyboard,1431198601637,0,0,10353,9554,-1.0,-1,0,0
15396,com.kitkatandroid.keyboard,1431198661604,0,0,5831,1179,-1.0,-1,0,0
15413,com.kitkatandroid.keyboard,1431198902340,0,0,13583,10433,-1.0,-1,0,0
15429,com.kitkatandroid.keyboard,1431199141250,0,0,36601,40922,-1.0,-1,0,0
16357,com.kitkatandroid.keyboard,1431247202119,0,0,76978,35839,-1.0,-1,0,0
16364,com.kitkatandroid.keyboard,1431247261136,0,0,144,380,-1.0,-1,0,0
16428,com.kitkatandroid.keyboard,1431248108264,0,0,45222,9248,-1.0,-1,0,0
16434,com.kitkatandroid.keyboard,1431248161587,0,0,104,208,-1.0,-1,0,0
16439,com.kitkatandroid.keyboard,1431248221862,0,0,0,132,-1.0,-1,0,0
16443,com.kitkatandroid.keyboard,1431248282201,0,0,45698,9288,-1.0,-1,0,0
16446,com.kitkatandroid.keyboard,1431248341155,0,0,104,208,-1.0,-1,0,0
16605,com.kitkatandroid.keyboard,1431251581778,0,0,259495,80703,-1.0,-1,0,0
16610,com.kitkatandroid.keyboard,1431251641924,0,0,561,3903,-1.0,-1,0,0
16634,com.kitkatandroid.keyboard,1431252004016,0,0,34435,14122,-1.0,-1,0,0
16639,com.kitkatandroid.keyboard,1431252062728,0,0,4776,1408,-1.0,-1,0,0
16643,com.kitkatandroid.keyboard,1431252121882,0,0,92,196,-1.0,-1,0,0
16700,com.kitkatandroid.keyboard,1431253021450,0,0,22894,4800,-1.0,-1,0,0
16703,com.kitkatandroid.keyboard,1431253081515,0,0,52,104,-1.0,-1,0,0
16840,com.kitkatandroid.keyboard,1431255482063,0,0,44828,9512,-1.0,-1,0,0
16863,com.kitkatandroid.keyboard,1431255721250,0,0,46558,9168,-1.0,-1,0,0
16868,com.kitkatandroid.keyboard,1431255781331,0,0,132,224,-1.0,-1,0,0
16873,com.kitkatandroid.keyboard,1431255841470,0,0,0,92,-1.0,-1,0,0
16884,com.kitkatandroid.keyboard,1431255961846,0,0,44978,8904,-1.0,-1,0,0
16888,com.kitkatandroid.keyboard,1431256021907,0,0,541,592,-1.0,-1,0,0
17065,com.kitkatandroid.keyboard,1431258782176,0,0,274121,91491,-1.0,-1,0,0
17078,com.kitkatandroid.keyboard,1431258961311,0,0,45619,9392,-1.0,-1,0,0
17084,com.kitkatandroid.keyboard,1431259022029,0,0,156,272,-1.0,-1,0,0
17104,com.kitkatandroid.keyboard,1431259561953,0,0,0,40,-1.0,-1,0,0
17211,com.kitkatandroid.keyboard,1431261181763,0,0,92084,19189,-1.0,-1,0,0
17290,com.kitkatandroid.keyboard,1431262141716,0,0,190205,61779,-1.0,-1,0,0
17457,com.kitkatandroid.keyboard,1431266701660,0,0,12644,8524,-1.0,-1,0,0
17565,com.kitkatandroid.keyboard,1431268802497,0,0,47140,9408,-1.0,-1,0,0
17576,com.kitkatandroid.keyboard,1431268924001,0,0,6575,4384,-1.0,-1,0,0
17603,com.kitkatandroid.keyboard,1431269281538,0,0,28750,26003,-1.0,-1,0,0
17607,com.kitkatandroid.keyboard,1431269341479,0,0,208,272,-1.0,-1,0,0
17612,com.kitkatandroid.keyboard,1431269401520,0,0,337,3264,-1.0,-1,0,0
17619,com.kitkatandroid.keyboard,1431269581764,0,0,0,40,-1.0,-1,0,0
17789,com.kitkatandroid.keyboard,1431272882438,0,0,19067,14749,-1.0,-1,0,0
17799,com.kitkatandroid.keyboard,1431273061674,0,0,18903,14904,-1.0,-1,0,0
17802,com.kitkatandroid.keyboard,1431273121569,0,0,156,272,-1.0,-1,0,0
17835,com.kitkatandroid.keyboard,1431273901521,0,0,18936,14432,-1.0,-1,0,0
17862,com.kitkatandroid.keyboard,1431274562233,0,0,9537,7504,-1.0,-1,0,0
17976,com.kitkatandroid.keyboard,1431276961195,0,0,19084,14720,-1.0,-1,0,0
17980,com.kitkatandroid.keyboard,1431277021196,0,0,208,456,-1.0,-1,0,0
18110,com.kitkatandroid.keyboard,1431281221886,0,0,49020,57314,-1.0,-1,0,0
18114,com.kitkatandroid.keyboard,1431281281836,0,0,208,508,-1.0,-1,0,0
18128,com.kitkatandroid.keyboard,1431281461973,0,0,18947,14388,-1.0,-1,0,0
18355,com.kitkatandroid.keyboard,1431286861618,0,0,69104,71224,-1.0,-1,0,0
18359,com.kitkatandroid.keyboard,1431286921608,0,0,8126,5163,-1.0,-1,0,0
18406,com.kitkatandroid.keyboard,1431287521184,0,0,58930,57437,-1.0,-1,0,0
18409,com.kitkatandroid.keyboard,1431287581578,0,0,156,220,-1.0,-1,0,0
18413,com.kitkatandroid.keyboard,1431287641929,0,0,9546,7192,-1.0,-1,0,0
18415,com.kitkatandroid.keyboard,1431287701852,0,0,104,248,-1.0,-1,0,0
18473,com.kitkatandroid.keyboard,1431288842023,0,0,18757,14472,-1.0,-1,0,0
18496,com.kitkatandroid.keyboard,1431289501688,0,0,39487,15465,-1.0,-1,0,0
19169,com.kitkatandroid.keyboard,1431322742180,0,0,91119,19348,-1.0,-1,0,0
19199,com.kitkatandroid.keyboard,1431323161973,0,0,46252,27129,-1.0,-1,0,0
19205,com.kitkatandroid.keyboard,1431323222702,0,0,0,92,-1.0,-1,0,0
19299,com.kitkatandroid.keyboard,1431327122064,0,0,95555,29325,-1.0,-1,0,0
19452,com.kitkatandroid.keyboard,1431333121995,0,0,45185,9854,-1.0,-1,0,0
19464,com.kitkatandroid.keyboard,1431333241762,0,0,44517,9502,-1.0,-1,0,0
19535,com.kitkatandroid.keyboard,1431335641977,0,0,46340,9428,-1.0,-1,0,0
19538,com.kitkatandroid.keyboard,1431335702378,0,0,156,220,-1.0,-1,0,0
19565,com.kitkatandroid.keyboard,1431336481798,0,0,22839,4756,-1.0,-1,0,0
19571,com.kitkatandroid.keyboard,1431336541842,0,0,46741,9376,-1.0,-1,0,0
19578,com.kitkatandroid.keyboard,1431336602898,0,0,104,156,-1.0,-1,0,0
19582,com.kitkatandroid.keyboard,1431336662314,0,0,0,52,-1.0,-1,0,0
19638,com.kitkatandroid.keyboard,1431338406288,0,0,19806,31271,-1.0,-1,0,0
19640,com.kitkatandroid.keyboard,1431338461275,0,0,120,120,-1.0,-1,0,0
19641,com.kitkatandroid.keyboard,1431338522309,0,0,597,3588,-1.0,-1,0,0
19644,com.kitkatandroid.keyboard,1431338581330,0,0,0,144,-1.0,-1,0,0
19666,com.kitkatandroid.keyboard,1431339361972,0,0,19226,14580,-1.0,-1,0,0
19670,com.kitkatandroid.keyboard,1431339422137,0,0,104,208,-1.0,-1,0,0
19687,com.kitkatandroid.keyboard,1431339661855,0,0,19268,17215,-1.0,-1,0,0
19706,com.kitkatandroid.keyboard,1431339841629,0,0,19350,15220,-1.0,-1,0,0
19712,com.kitkatandroid.keyboard,1431339901694,0,0,260,480,-1.0,-1,0,0
19723,com.kitkatandroid.keyboard,1431340021719,0,0,9681,7412,-1.0,-1,0,0
19727,com.kitkatandroid.keyboard,1431340081732,0,0,104,208,-1.0,-1,0,0
19784,com.kitkatandroid.keyboard,1431340741845,0,0,19781,15034,-1.0,-1,0,0
19795,com.kitkatandroid.keyboard,1431340862017,0,0,21207,33205,-1.0,-1,0,0
19802,com.kitkatandroid.keyboard,1431340922532,0,0,403,2602,-1.0,-1,0,0
19807,com.kitkatandroid.keyboard,1431340981350,0,0,52,104,-1.0,-1,0,0
19864,com.kitkatandroid.keyboard,1431341762033,0,0,114049,23910,-1.0,-1,0,0
19869,com.kitkatandroid.keyboard,1431341822431,0,0,52,104,-1.0,-1,0,0
19893,com.kitkatandroid.keyboard,1431342061773,0,0,0,40,-1.0,-1,0,0
19930,com.kitkatandroid.keyboard,1431342782122,0,0,44871,9160,-1.0,-1,0,0
19982,com.kitkatandroid.keyboard,1431345781400,0,0,23388,4796,-1.0,-1,0,0
19987,com.kitkatandroid.keyboard,1431345841707,0,0,52,156,-1.0,-1,0,0
20096,com.kitkatandroid.keyboard,1431349142285,0,0,10076,7733,-1.0,-1,0,0
20128,com.kitkatandroid.keyboard,1431349621575,0,0,20463,31997,-1.0,-1,0,0
20220,com.kitkatandroid.keyboard,1431350822324,0,0,50409,40677,-1.0,-1,0,0
20242,com.kitkatandroid.keyboard,1431351061713,0,0,29686,22899,-1.0,-1,0,0
20247,com.kitkatandroid.keyboard,1431351122191,0,0,248,456,-1.0,-1,0,0
20363,com.kitkatandroid.keyboard,1431354301397,0,0,45126,52335,-1.0,-1,0,0
20399,com.kitkatandroid.keyboard,1431354961602,0,0,19234,14820,-1.0,-1,0,0
20406,com.kitkatandroid.keyboard,1431355021678,0,0,9856,7932,-1.0,-1,0,0
20459,com.kitkatandroid.keyboard,1431355681721,0,0,37932,29280,-1.0,-1,0,0
20464,com.kitkatandroid.keyboard,1431355741923,0,0,328,420,-1.0,-1,0,0
20467,com.kitkatandroid.keyboard,1431355801941,0,0,0,156,-1.0,-1,0,0
20490,com.kitkatandroid.keyboard,1431356401562,0,0,9627,7284,-1.0,-1,0,0
20494,com.kitkatandroid.keyboard,1431356462595,0,0,104,208,-1.0,-1,0,0
20518,com.kitkatandroid.keyboard,1431356821486,0,0,10257,24103,-1.0,-1,0,0
20524,com.kitkatandroid.keyboard,1431356881641,0,0,9755,7616,-1.0,-1,0,0
20530,com.kitkatandroid.keyboard,1431356941812,0,0,545,3380,-1.0,-1,0,0
20532,com.kitkatandroid.keyboard,1431357001799,0,0,52,156,-1.0,-1,0,0
20538,com.kitkatandroid.keyboard,1431357062088,0,0,9512,7236,-1.0,-1,0,0
20542,com.kitkatandroid.keyboard,1431357122076,0,0,104,208,-1.0,-1,0,0
20553,com.kitkatandroid.keyboard,1431357361364,0,0,9391,7112,-1.0,-1,0,0
20556,com.kitkatandroid.keyboard,1431357421288,0,0,9713,7616,-1.0,-1,0,0
20558,com.kitkatandroid.keyboard,1431357481273,0,0,9560,7340,-1.0,-1,0,0
20568,com.kitkatandroid.keyboard,1431357601879,0,0,19197,14676,-1.0,-1,0,0
20571,com.kitkatandroid.keyboard,1431357661847,0,0,260,480,-1.0,-1,0,0
20577,com.kitkatandroid.keyboard,1431357721868,0,0,0,40,-1.0,-1,0,0
20593,com.kitkatandroid.keyboard,1431357901677,0,0,19072,14664,-1.0,-1,0,0
20599,com.kitkatandroid.keyboard,1431357961554,0,0,156,272,-1.0,-1,0,0
20630,com.kitkatandroid.keyboard,1431358381967,0,0,18922,14216,-1.0,-1,0,0
20634,com.kitkatandroid.keyboard,1431358442026,0,0,432,536,-1.0,-1,0,0
20638,com.kitkatandroid.keyboard,1431358501961,0,0,0,208,-1.0,-1,0,0
20667,com.kitkatandroid.keyboard,1431358745708,0,0,30115,42387,-1.0,-1,0,0
20671,com.kitkatandroid.keyboard,1431358802750,0,0,104,196,-1.0,-1,0,0
20679,com.kitkatandroid.keyboard,1431358861815,0,0,389,2211,-1.0,-1,0,0
20686,com.kitkatandroid.keyboard,1431358921814,0,0,52,52,-1.0,-1,0,0
20696,com.kitkatandroid.keyboard,1431359042215,0,0,0,92,-1.0,-1,0,0
20815,com.kitkatandroid.keyboard,1431361021378,0,0,18967,14352,-1.0,-1,0,0
20835,com.kitkatandroid.keyboard,1431361262182,0,0,9707,7680,-1.0,-1,0,0
20840,com.kitkatandroid.keyboard,1431361321883,0,0,104,104,-1.0,-1,0,0
20918,com.kitkatandroid.keyboard,1431363002226,0,0,28782,21876,-1.0,-1,0,0
20924,com.kitkatandroid.keyboard,1431363061612,0,0,19283,14676,-1.0,-1,0,0
20957,com.kitkatandroid.keyboard,1431363602077,0,0,48721,53871,-1.0,-1,0,0
20964,com.kitkatandroid.keyboard,1431363662115,0,0,701,5188,-1.0,-1,0,0
21044,com.kitkatandroid.keyboard,1431364981876,0,0,24627,20022,-1.0,-1,0,0
21048,com.kitkatandroid.keyboard,1431365041880,0,0,208,416,-1.0,-1,0,0
21058,com.kitkatandroid.keyboard,1431365162315,0,0,0,40,-1.0,-1,0,0
21218,com.kitkatandroid.keyboard,1431368462278,0,0,29672,22775,-1.0,-1,0,0
21224,com.kitkatandroid.keyboard,1431368522016,0,0,144,248,-1.0,-1,0,0
21324,com.kitkatandroid.keyboard,1431371053897,0,0,19511,14978,-1.0,-1,0,0
21328,com.kitkatandroid.keyboard,1431371102698,0,0,248,508,-1.0,-1,0,0
21526,com.kitkatandroid.keyboard,1431375604657,0,0,50883,57395,-1.0,-1,0,0
21535,com.kitkatandroid.keyboard,1431375661873,0,0,23125,21805,-1.0,-1,0,0
21540,com.kitkatandroid.keyboard,1431375721813,0,0,52,144,-1.0,-1,0,0
21544,com.kitkatandroid.keyboard,1431375782131,0,0,19700,15386,-1.0,-1,0,0
21582,com.kitkatandroid.keyboard,1431376201341,0,0,32563,45541,-1.0,-1,0,0
21593,com.kitkatandroid.keyboard,1431376321582,0,0,19386,16180,-1.0,-1,0,0
21618,com.kitkatandroid.keyboard,1431376561385,0,0,39544,41553,-1.0,-1,0,0
21630,com.kitkatandroid.keyboard,1431376741695,0,0,19060,14596,-1.0,-1,0,0
21638,com.kitkatandroid.keyboard,1431376801999,0,0,104,248,-1.0,-1,0,0
21653,com.kitkatandroid.keyboard,1431376952300,0,0,28378,21684,-1.0,-1,0,0
21660,com.kitkatandroid.keyboard,1431377008914,0,0,208,364,-1.0,-1,0,0
21668,com.kitkatandroid.keyboard,1431377069583,0,0,19023,14572,-1.0,-1,0,0
21673,com.kitkatandroid.keyboard,1431377101589,0,0,208,208,-1.0,-1,0,0
21678,com.kitkatandroid.keyboard,1431377162106,0,0,0,208,-1.0,-1,0,0
21718,com.kitkatandroid.keyboard,1431377581338,0,0,19707,15111,-1.0,-1,0,0
21721,com.kitkatandroid.keyboard,1431377641547,0,0,20125,31919,-1.0,-1,0,0
21727,com.kitkatandroid.keyboard,1431377821754,0,0,20182,20447,-1.0,-1,0,0
21730,com.kitkatandroid.keyboard,1431377881754,0,0,208,324,-1.0,-1,0,0
21741,com.kitkatandroid.keyboard,1431378121893,0,0,0,92,-1.0,-1,0,0
21841,com.kitkatandroid.keyboard,1431379981497,0,0,28842,21900,-1.0,-1,0,0
21847,com.kitkatandroid.keyboard,1431380041620,0,0,104,208,-1.0,-1,0,0
21889,com.kitkatandroid.keyboard,1431380581973,0,0,19119,14612,-1.0,-1,0,0
21936,com.kitkatandroid.keyboard,1431381121090,0,0,19187,14568,-1.0,-1,0,0
21942,com.kitkatandroid.keyboard,1431381181254,0,0,392,496,-1.0,-1,0,0
21950,com.kitkatandroid.keyboard,1431381241493,0,0,0,208,-1.0,-1,0,0
22414,com.kitkatandroid.keyboard,1431405541693,0,0,47368,9116,-1.0,-1,0,0
22421,com.kitkatandroid.keyboard,1431405601865,0,0,264,304,-1.0,-1,0,0
22424,com.kitkatandroid.keyboard,1431405662427,0,0,0,104,-1.0,-1,0,0
22425,com.kitkatandroid.keyboard,1431405721312,0,0,0,80,-1.0,-1,0,0
22457,com.kitkatandroid.keyboard,1431406141229,0,0,47258,26107,-1.0,-1,0,0
22460,com.kitkatandroid.keyboard,1431406201323,0,0,288,340,-1.0,-1,0,0
22463,com.kitkatandroid.keyboard,1431406261268,0,0,337,1744,-1.0,-1,0,0
22476,com.kitkatandroid.keyboard,1431406441782,0,0,0,40,-1.0,-1,0,0
22482,com.kitkatandroid.keyboard,1431406501887,0,0,45800,9340,-1.0,-1,0,0
22487,com.kitkatandroid.keyboard,1431406561939,0,0,156,116,-1.0,-1,0,0
22493,com.kitkatandroid.keyboard,1431406622490,0,0,0,104,-1.0,-1,0,0
22516,com.kitkatandroid.keyboard,1431407042658,0,0,23316,4792,-1.0,-1,0,0
22519,com.kitkatandroid.keyboard,1431407101687,0,0,52,52,-1.0,-1,0,0
22520,com.kitkatandroid.keyboard,1431407161727,0,0,0,52,-1.0,-1,0,0
22531,com.kitkatandroid.keyboard,1431407342215,0,0,0,40,-1.0,-1,0,0
22560,com.kitkatandroid.keyboard,1431407761955,0,0,47289,9028,-1.0,-1,0,0
22566,com.kitkatandroid.keyboard,1431407822229,0,0,368,472,-1.0,-1,0,0
22570,com.kitkatandroid.keyboard,1431407882474,0,0,0,104,-1.0,-1,0,0
22573,com.kitkatandroid.keyboard,1431407941498,0,0,0,80,-1.0,-1,0,0
22624,com.kitkatandroid.keyboard,1431408841934,0,0,46468,9586,-1.0,-1,0,0
22676,com.kitkatandroid.keyboard,1431409801851,0,0,92462,36687,-1.0,-1,0,0
22681,com.kitkatandroid.keyboard,1431409866008,0,0,0,248,-1.0,-1,0,0
22687,com.kitkatandroid.keyboard,1431409922085,0,0,24186,6441,-1.0,-1,0,0
22693,com.kitkatandroid.keyboard,1431409982199,0,0,389,2211,-1.0,-1,0,0
22847,com.kitkatandroid.keyboard,1431415501812,0,0,90902,19332,-1.0,-1,0,0
22851,com.kitkatandroid.keyboard,1431415561768,0,0,184,288,-1.0,-1,0,0
22924,com.kitkatandroid.keyboard,1431418141584,0,0,47809,9842,-1.0,-1,0,0
22973,com.kitkatandroid.keyboard,1431418801450,0,0,137797,46660,-1.0,-1,0,0
22977,com.kitkatandroid.keyboard,1431418861485,0,0,389,3248,-1.0,-1,0,0
23015,com.kitkatandroid.keyboard,1431419401667,0,0,21988,4677,-1.0,-1,0,0
23022,com.kitkatandroid.keyboard,1431419462672,0,0,144,328,-1.0,-1,0,0
23125,com.kitkatandroid.keyboard,1431423001710,0,0,87062,25578,-1.0,-1,0,0
23181,com.kitkatandroid.keyboard,1431424141598,0,0,19711,12042,-1.0,-1,0,0
23215,com.kitkatandroid.keyboard,1431424632002,0,0,33017,12638,-1.0,-1,0,0
23225,com.kitkatandroid.keyboard,1431424742172,0,0,0,104,-1.0,-1,0,0
23252,com.kitkatandroid.keyboard,1431425161639,0,0,20282,31778,-1.0,-1,0,0
23259,com.kitkatandroid.keyboard,1431425221942,0,0,10041,9156,-1.0,-1,0,0
23294,com.kitkatandroid.keyboard,1431425701929,0,0,71820,49301,-1.0,-1,0,0
23304,com.kitkatandroid.keyboard,1431425821775,0,0,19557,14744,-1.0,-1,0,0
23309,com.kitkatandroid.keyboard,1431425881912,0,0,420,564,-1.0,-1,0,0
23313,com.kitkatandroid.keyboard,1431425941814,0,0,0,104,-1.0,-1,0,0
23354,com.kitkatandroid.keyboard,1431426481461,0,0,23812,4708,-1.0,-1,0,0
23357,com.kitkatandroid.keyboard,1431426541417,0,0,52,104,-1.0,-1,0,0
23401,com.kitkatandroid.keyboard,1431427261780,0,0,46166,9108,-1.0,-1,0,0
23407,com.kitkatandroid.keyboard,1431427321954,0,0,47022,9724,-1.0,-1,0,0
23414,com.kitkatandroid.keyboard,1431427382283,0,0,10624,24375,-1.0,-1,0,0
23444,com.kitkatandroid.keyboard,1431427921341,0,0,33679,16163,-1.0,-1,0,0
23537,com.kitkatandroid.keyboard,1431428941125,0,0,11524009,4600543,-1.0,-1,0,0
23545,com.kitkatandroid.keyboard,1431429004362,0,0,0,132,-1.0,-1,0,0
23553,com.kitkatandroid.keyboard,1431429061441,0,0,67947,25320,-1.0,-1,0,0
23560,com.kitkatandroid.keyboard,1431429121382,0,0,0,52,-1.0,-1,0,0
23651,com.kitkatandroid.keyboard,1431430446411,0,0,32383,12194,-1.0,-1,0,0
23716,com.kitkatandroid.keyboard,1431431221700,0,0,81139,40467,-1.0,-1,0,0
23723,com.kitkatandroid.keyboard,1431431282009,0,0,104,208,-1.0,-1,0,0
23778,com.kitkatandroid.keyboard,1431432002030,0,0,0,40,-1.0,-1,0,0
23967,com.kitkatandroid.keyboard,1431437403499,0,0,20008,14776,-1.0,-1,0,0
23972,com.kitkatandroid.keyboard,1431437462287,0,0,364,504,-1.0,-1,0,0
23979,com.kitkatandroid.keyboard,1431437582390,0,0,0,80,-1.0,-1,0,0
24032,com.kitkatandroid.keyboard,1431438301817,0,0,19475,14725,-1.0,-1,0,0
24037,com.kitkatandroid.keyboard,1431438361952,0,0,156,456,-1.0,-1,0,0
24066,com.kitkatandroid.keyboard,1431438841573,0,0,18973,14412,-1.0,-1,0,0
24072,com.kitkatandroid.keyboard,1431438901719,0,0,444,480,-1.0,-1,0,0
24075,com.kitkatandroid.keyboard,1431438961697,0,0,0,156,-1.0,-1,0,0
24085,com.kitkatandroid.keyboard,1431439081324,0,0,0,80,-1.0,-1,0,0
24136,com.kitkatandroid.keyboard,1431439621337,0,0,19143,15073,-1.0,-1,0,0
24143,com.kitkatandroid.keyboard,1431439682654,0,0,364,556,-1.0,-1,0,0
24177,com.kitkatandroid.keyboard,1431440101439,0,0,0,80,-1.0,-1,0,0
24218,com.kitkatandroid.keyboard,1431440582419,0,0,39230,32152,-1.0,-1,0,0
24223,com.kitkatandroid.keyboard,1431440641337,0,0,10051,13157,-1.0,-1,0,0
24252,com.kitkatandroid.keyboard,1431440942365,0,0,30859,10415,-1.0,-1,0,0
24340,com.kitkatandroid.keyboard,1431442382114,0,0,164,1923,-1.0,-1,0,0
24347,com.kitkatandroid.keyboard,1431442442530,0,0,34282,15122,-1.0,-1,0,0
24573,com.kitkatandroid.keyboard,1431459061437,0,0,10958,9560,-1.0,-1,0,0
24579,com.kitkatandroid.keyboard,1431459121708,0,0,7247,3677,-1.0,-1,0,0
24621,com.kitkatandroid.keyboard,1431459601915,0,0,14897,15237,-1.0,-1,0,0
24627,com.kitkatandroid.keyboard,1431459661968,0,0,1366,280,-1.0,-1,0,0
24633,com.kitkatandroid.keyboard,1431459722286,0,0,1340,40,-1.0,-1,0,0
24734,com.kitkatandroid.keyboard,1431462061589,0,0,53898,18681,-1.0,-1,0,0
24738,com.kitkatandroid.keyboard,1431462121761,0,0,196,312,-1.0,-1,0,0
24744,com.kitkatandroid.keyboard,1431462211480,0,0,16722,34147,-1.0,-1,0,0
24754,com.kitkatandroid.keyboard,1431462292044,0,0,48415,22506,-1.0,-1,0,0
24760,com.kitkatandroid.keyboard,1431462303210,0,0,80,80,-1.0,-1,0,0
24764,com.kitkatandroid.keyboard,1431462361196,0,0,1898,1123,-1.0,-1,0,0
24768,com.kitkatandroid.keyboard,1431462421204,0,0,0,52,-1.0,-1,0,0
25415,com.kitkatandroid.keyboard,1431494521195,0,0,44372,9532,-1.0,-1,0,0
25418,com.kitkatandroid.keyboard,1431494581086,0,0,156,272,-1.0,-1,0,0
25525,com.kitkatandroid.keyboard,1431496561368,0,0,135705,28950,-1.0,-1,0,0
25536,com.kitkatandroid.keyboard,1431496682254,0,0,46231,9950,-1.0,-1,0,0
25543,com.kitkatandroid.keyboard,1431496741264,0,0,23838,22051,-1.0,-1,0,0
25550,com.kitkatandroid.keyboard,1431496801430,0,0,45448,9666,-1.0,-1,0,0
25675,com.kitkatandroid.keyboard,1431502264669,0,0,47177,14810,-1.0,-1,0,0
25723,com.kitkatandroid.keyboard,1431502982855,0,0,29265,7566,-1.0,-1,0,0
25726,com.kitkatandroid.keyboard,1431503042250,0,0,92,184,-1.0,-1,0,0
25859,com.kitkatandroid.keyboard,1431505682038,0,0,50420,10335,-1.0,-1,0,0
25902,com.kitkatandroid.keyboard,1431506641924,0,0,19937,14956,-1.0,-1,0,0
25907,com.kitkatandroid.keyboard,1431506701951,0,0,260,480,-1.0,-1,0,0
25913,com.kitkatandroid.keyboard,1431506762182,0,0,0,80,-1.0,-1,0,0
25925,com.kitkatandroid.keyboard,1431506941735,0,0,49723,10174,-1.0,-1,0,0
25931,com.kitkatandroid.keyboard,1431507005235,0,0,46809,27029,-1.0,-1,0,0
25935,com.kitkatandroid.keyboard,1431507061319,0,0,887,540,-1.0,-1,0,0
25938,com.kitkatandroid.keyboard,1431507121547,0,0,23540,6244,-1.0,-1,0,0
25944,com.kitkatandroid.keyboard,1431507181618,0,0,104,156,-1.0,-1,0,0
25950,com.kitkatandroid.keyboard,1431507241622,0,0,401,2251,-1.0,-1,0,0
25960,com.kitkatandroid.keyboard,1431507361359,0,0,22624,4640,-1.0,-1,0,0
25964,com.kitkatandroid.keyboard,1431507421335,0,0,52,104,-1.0,-1,0,0
26141,com.kitkatandroid.keyboard,1431509882103,0,0,46972,11651,-1.0,-1,0,0
26171,com.kitkatandroid.keyboard,1431510241717,0,0,32085,12550,-1.0,-1,0,0
26173,com.kitkatandroid.keyboard,1431510301714,0,0,0,52,-1.0,-1,0,0
26180,com.kitkatandroid.keyboard,1431510361877,0,0,0,40,-1.0,-1,0,0
26196,com.kitkatandroid.keyboard,1431510541971,0,0,32919,12694,-1.0,-1,0,0
26218,com.kitkatandroid.keyboard,1431510781965,0,0,0,40,-1.0,-1,0,0
26223,com.kitkatandroid.keyboard,1431510841939,0,0,45622,9530,-1.0,-1,0,0
26228,com.kitkatandroid.keyboard,1431510902066,0,0,40,144,-1.0,-1,0,0
26351,com.kitkatandroid.keyboard,1431512941623,0,0,33181,28854,-1.0,-1,0,0
26358,com.kitkatandroid.keyboard,1431513001487,0,0,493,1940,-1.0,-1,0,0
26373,com.kitkatandroid.keyboard,1431513361240,0,0,0,40,-1.0,-1,0,0
26417,com.kitkatandroid.keyboard,1431514441432,0,0,44749,9200,-1.0,-1,0,0
26424,com.kitkatandroid.keyboard,1431514501586,0,0,104,208,-1.0,-1,0,0
26442,com.kitkatandroid.keyboard,1431514801689,0,0,0,132,-1.0,-1,0,0
26495,com.kitkatandroid.keyboard,1431515462306,0,0,46053,9706,-1.0,-1,0,0
26507,com.kitkatandroid.keyboard,1431515581322,0,0,0,40,-1.0,-1,0,0
26548,com.kitkatandroid.keyboard,1431516062425,0,0,44561,9730,-1.0,-1,0,0
26555,com.kitkatandroid.keyboard,1431516121528,0,0,45442,9874,-1.0,-1,0,0
26633,com.kitkatandroid.keyboard,1431517326887,0,0,147327,72488,-1.0,-1,0,0
26704,com.kitkatandroid.keyboard,1431518281749,0,0,31772,11636,-1.0,-1,0,0
26721,com.kitkatandroid.keyboard,1431518522071,0,0,46084,10141,-1.0,-1,0,0
26727,com.kitkatandroid.keyboard,1431518582730,0,0,104,208,-1.0,-1,0,0
26833,com.kitkatandroid.keyboard,1431521941283,0,0,140132,45855,-1.0,-1,0,0
26867,com.kitkatandroid.keyboard,1431522421691,0,0,100997,48637,-1.0,-1,0,0
26870,com.kitkatandroid.keyboard,1431522481731,0,0,300,416,-1.0,-1,0,0
26874,com.kitkatandroid.keyboard,1431522541823,0,0,22338,4856,-1.0,-1,0,0
26879,com.kitkatandroid.keyboard,1431522601840,0,0,52,104,-1.0,-1,0,0
26903,com.kitkatandroid.keyboard,1431522961587,0,0,9751,7296,-1.0,-1,0,0
26909,com.kitkatandroid.keyboard,1431523021600,0,0,104,208,-1.0,-1,0,0
26925,com.kitkatandroid.keyboard,1431523262283,0,0,50554,12900,-1.0,-1,0,0
26941,com.kitkatandroid.keyboard,1431523502681,0,0,45130,9616,-1.0,-1,0,0
26960,com.kitkatandroid.keyboard,1431523741302,0,0,46965,9728,-1.0,-1,0,0
26989,com.kitkatandroid.keyboard,1431524161751,0,0,33244,29873,-1.0,-1,0,0
26993,com.kitkatandroid.keyboard,1431524222033,0,0,597,3612,-1.0,-1,0,0
27052,com.kitkatandroid.keyboard,1431525002475,0,0,45717,9104,-1.0,-1,0,0
27056,com.kitkatandroid.keyboard,1431525061409,0,0,501,316,-1.0,-1,0,0
27063,com.kitkatandroid.keyboard,1431525121994,0,0,0,104,-1.0,-1,0,0
27070,com.kitkatandroid.keyboard,1431525182392,0,0,9717,7440,-1.0,-1,0,0
27075,com.kitkatandroid.keyboard,1431525241306,0,0,156,220,-1.0,-1,0,0
27089,com.kitkatandroid.keyboard,1431525361774,0,0,46138,9164,-1.0,-1,0,0
27097,com.kitkatandroid.keyboard,1431525421996,0,0,184,288,-1.0,-1,0,0
27117,com.kitkatandroid.keyboard,1431525602698,0,0,0,40,-1.0,-1,0,0
27136,com.kitkatandroid.keyboard,1431526021855,0,0,31986,13499,-1.0,-1,0,0
27146,com.kitkatandroid.keyboard,1431526142269,0,0,45628,10598,-1.0,-1,0,0
27152,com.kitkatandroid.keyboard,1431526207403,0,0,52,104,-1.0,-1,0,0
27193,com.kitkatandroid.keyboard,1431527221386,0,0,33474,28875,-1.0,-1,0,0
27198,com.kitkatandroid.keyboard,1431527281366,0,0,10201,9256,-1.0,-1,0,0
27208,com.kitkatandroid.keyboard,1431527365092,0,0,29874,7967,-1.0,-1,0,0
27215,com.kitkatandroid.keyboard,1431527405725,0,0,494,3743,-1.0,-1,0,0
27220,com.kitkatandroid.keyboard,1431527461899,0,0,0,52,-1.0,-1,0,0
27239,com.kitkatandroid.keyboard,1431527646534,0,0,10334,7773,-1.0,-1,0,0
27250,com.kitkatandroid.keyboard,1431527762818,0,0,0,52,-1.0,-1,0,0
27269,com.kitkatandroid.keyboard,1431528122004,0,0,39506,15830,-1.0,-1,0,0
27275,com.kitkatandroid.keyboard,1431528182756,0,0,0,52,-1.0,-1,0,0
27282,com.kitkatandroid.keyboard,1431528241695,0,0,0,40,-1.0,-1,0,0
27315,com.kitkatandroid.keyboard,1431528602026,0,0,32842,12758,-1.0,-1,0,0
27319,com.kitkatandroid.keyboard,1431528662321,0,0,33403,12782,-1.0,-1,0,0
27331,com.kitkatandroid.keyboard,1431528782324,0,0,0,92,-1.0,-1,0,0
27361,com.kitkatandroid.keyboard,1431529201531,0,0,33509,19491,-1.0,-1,0,0
27443,com.kitkatandroid.keyboard,1431530641611,0,0,47685,26744,-1.0,-1,0,0
27448,com.kitkatandroid.keyboard,1431530701796,0,0,0,144,-1.0,-1,0,0
27452,com.kitkatandroid.keyboard,1431530762322,0,0,23694,6441,-1.0,-1,0,0
27455,com.kitkatandroid.keyboard,1431530881279,0,0,441,2367,-1.0,-1,0,0
27517,com.kitkatandroid.keyboard,1431532321676,0,0,19557,14300,-1.0,-1,0,0
27521,com.kitkatandroid.keyboard,1431532382367,0,0,276,512,-1.0,-1,0,0
27525,com.kitkatandroid.keyboard,1431532441391,0,0,0,104,-1.0,-1,0,0
27568,com.kitkatandroid.keyboard,1431533101706,0,0,73080,55203,-1.0,-1,0,0
27589,com.kitkatandroid.keyboard,1431533341292,0,0,11316,28748,-1.0,-1,0,0
27592,com.kitkatandroid.keyboard,1431533401197,0,0,3185,3884,-1.0,-1,0,0
27714,com.kitkatandroid.keyboard,1431536221815,0,0,13823,13269,-1.0,-1,0,0
27719,com.kitkatandroid.keyboard,1431536282433,0,0,1924,648,-1.0,-1,0,0
27764,com.kitkatandroid.keyboard,1431536821459,0,0,10739,13787,-1.0,-1,0,0
27786,com.kitkatandroid.keyboard,1431537061735,0,0,35742,21172,-1.0,-1,0,0
27790,com.kitkatandroid.keyboard,1431537121761,0,0,3723,304,-1.0,-1,0,0
27801,com.kitkatandroid.keyboard,1431537242050,0,0,10781,10144,-1.0,-1,0,0
27808,com.kitkatandroid.keyboard,1431537302406,0,0,1736,328,-1.0,-1,0,0
27938,com.kitkatandroid.keyboard,1431539882158,0,0,92234,36035,-1.0,-1,0,0
27943,com.kitkatandroid.keyboard,1431539941326,0,0,24149,7876,-1.0,-1,0,0
27949,com.kitkatandroid.keyboard,1431540001195,0,0,52,104,-1.0,-1,0,0
27952,com.kitkatandroid.keyboard,1431540061367,0,0,389,2211,-1.0,-1,0,0
28020,com.kitkatandroid.keyboard,1431541501410,0,0,43503,9146,-1.0,-1,0,0
28076,com.kitkatandroid.keyboard,1431542641634,0,0,46150,9656,-1.0,-1,0,0
28080,com.kitkatandroid.keyboard,1431542720317,0,0,104,208,-1.0,-1,0,0
28174,com.kitkatandroid.keyboard,1431544447713,0,0,118919,57947,-1.0,-1,0,0
28180,com.kitkatandroid.keyboard,1431544513548,0,0,104,116,-1.0,-1,0,0
28216,com.kitkatandroid.keyboard,1431545224218,0,0,46948,13187,-1.0,-1,0,0
28221,com.kitkatandroid.keyboard,1431545282330,0,0,52,104,-1.0,-1,0,0
28369,com.kitkatandroid.keyboard,1431549667696,0,0,45420,9152,-1.0,-1,0,0
28375,com.kitkatandroid.keyboard,1431549721758,0,0,104,156,-1.0,-1,0,0
28379,com.kitkatandroid.keyboard,1431549781679,0,0,0,104,-1.0,-1,0,0
28388,com.kitkatandroid.keyboard,1431549842317,0,0,51998,12154,-1.0,-1,0,0
28393,com.kitkatandroid.keyboard,1431549901268,0,0,144,288,-1.0,-1,0,0
28487,com.kitkatandroid.keyboard,1431552181786,0,0,44917,9332,-1.0,-1,0,0
28493,com.kitkatandroid.keyboard,1431552242458,0,0,0,92,-1.0,-1,0,0
28668,com.kitkatandroid.keyboard,1431556921803,0,0,32426,11868,-1.0,-1,0,0
28675,com.kitkatandroid.keyboard,1431556982235,0,0,46004,26515,-1.0,-1,0,0
28682,com.kitkatandroid.keyboard,1431557041393,0,0,172,356,-1.0,-1,0,0
28687,com.kitkatandroid.keyboard,1431557101418,0,0,21601,6180,-1.0,-1,0,0
28693,com.kitkatandroid.keyboard,1431557161481,0,0,0,132,-1.0,-1,0,0
28699,com.kitkatandroid.keyboard,1431557221414,0,0,22214,6871,-1.0,-1,0,0
28707,com.kitkatandroid.keyboard,1431557281605,0,0,22134,6739,-1.0,-1,0,0
28717,com.kitkatandroid.keyboard,1431557401655,0,0,32042,14103,-1.0,-1,0,0
28723,com.kitkatandroid.keyboard,1431557461687,0,0,649,4067,-1.0,-1,0,0
28725,com.kitkatandroid.keyboard,1431557521639,0,0,52,92,-1.0,-1,0,0
29271,com.crazygame.inputmethod.keyboard7,1431590282457,0,0,0,0,-1.0,-1,0,0
29293,com.kitkatandroid.keyboard,1431590701663,0,0,48138,9372,-1.0,-1,0,0
29319,com.kitkatandroid.keyboard,1431591302544,0,0,46089,9448,-1.0,-1,0,0
29358,com.kitkatandroid.keyboard,1431591724029,0,0,89487,19341,-1.0,-1,0,0
29372,com.kitkatandroid.keyboard,1431591901078,0,0,50977,12398,-1.0,-1,0,0
29386,com.kitkatandroid.keyboard,1431592081578,0,0,44672,26483,-1.0,-1,0,0
29435,com.kitkatandroid.keyboard,1431592621449,0,0,122668,34328,-1.0,-1,0,0
29503,com.kitkatandroid.keyboard,1431593582286,0,0,140383,45319,-1.0,-1,0,0
29507,com.kitkatandroid.keyboard,1431593641346,0,0,156,312,-1.0,-1,0,0
29577,com.kitkatandroid.keyboard,1431594541870,0,0,93488,21968,-1.0,-1,0,0
29582,com.kitkatandroid.keyboard,1431594601937,0,0,23509,4708,-1.0,-1,0,0
29607,com.kitkatandroid.keyboard,1431594846127,0,0,79574,21636,-1.0,-1,0,0
29614,com.kitkatandroid.keyboard,1431594902299,0,0,104,288,-1.0,-1,0,0
29628,com.kitkatandroid.keyboard,1431595141688,0,0,46583,26199,-1.0,-1,0,0
29636,com.kitkatandroid.keyboard,1431595202249,0,0,23174,6324,-1.0,-1,0,0
29639,com.kitkatandroid.keyboard,1431595261232,0,0,184,184,-1.0,-1,0,0
29667,com.kitkatandroid.keyboard,1431595561698,0,0,70251,16443,-1.0,-1,0,0
29672,com.kitkatandroid.keyboard,1431595621936,0,0,52,104,-1.0,-1,0,0
29695,com.kitkatandroid.keyboard,1431595921148,0,0,45019,9240,-1.0,-1,0,0
29699,com.kitkatandroid.keyboard,1431595981351,0,0,104,380,-1.0,-1,0,0
29712,com.kitkatandroid.keyboard,1431596103092,0,0,51947,12034,-1.0,-1,0,0
29717,com.kitkatandroid.keyboard,1431596161415,0,0,172,396,-1.0,-1,0,0
29728,com.kitkatandroid.keyboard,1431596281616,0,0,44259,9156,-1.0,-1,0,0
29729,com.kitkatandroid.keyboard,1431596341525,0,0,156,272,-1.0,-1,0,0
29734,com.kitkatandroid.keyboard,1431596402594,0,0,0,120,-1.0,-1,0,0
29745,com.kitkatandroid.keyboard,1431596521632,0,0,45270,26199,-1.0,-1,0,0
29751,com.kitkatandroid.keyboard,1431596581691,0,0,52,380,-1.0,-1,0,0
29755,com.kitkatandroid.keyboard,1431596642049,0,0,23454,6164,-1.0,-1,0,0
29799,com.kitkatandroid.keyboard,1431597607200,0,0,41573,21387,-1.0,-1,0,0
29814,com.kitkatandroid.keyboard,1431597782375,0,0,67045,14348,-1.0,-1,0,0
29855,com.kitkatandroid.keyboard,1431598441969,0,0,44178,9436,-1.0,-1,0,0
29863,com.kitkatandroid.keyboard,1431598502666,0,0,22152,4824,-1.0,-1,0,0
29868,com.kitkatandroid.keyboard,1431598561743,0,0,52,156,-1.0,-1,0,0
29920,com.kitkatandroid.keyboard,1431599281673,0,0,47128,26363,-1.0,-1,0,0
29923,com.kitkatandroid.keyboard,1431599341950,0,0,156,260,-1.0,-1,0,0
29937,com.kitkatandroid.keyboard,1431599521857,0,0,69105,15820,-1.0,-1,0,0
29982,com.kitkatandroid.keyboard,1431600182021,0,0,45562,9528,-1.0,-1,0,0
29988,com.kitkatandroid.keyboard,1431600242222,0,0,9448,7404,-1.0,-1,0,0
29993,com.kitkatandroid.keyboard,1431600301376,0,0,184,224,-1.0,-1,0,0
30001,com.kitkatandroid.keyboard,1431600361472,0,0,0,144,-1.0,-1,0,0
30027,com.kitkatandroid.keyboard,1431600721265,0,0,56422,16772,-1.0,-1,0,0
30075,com.kitkatandroid.keyboard,1431601384840,0,0,47255,26435,-1.0,-1,0,0
30082,com.kitkatandroid.keyboard,1431601442130,0,0,104,104,-1.0,-1,0,0
30151,com.kitkatandroid.keyboard,1431602162015,0,0,146088,39663,-1.0,-1,0,0
30158,com.kitkatandroid.keyboard,1431602222536,0,0,45413,9252,-1.0,-1,0,0
30178,com.kitkatandroid.keyboard,1431602461573,0,0,69511,31275,-1.0,-1,0,0
30185,com.kitkatandroid.keyboard,1431602521992,0,0,104,208,-1.0,-1,0,0
30188,com.kitkatandroid.keyboard,1431602582033,0,0,337,1536,-1.0,-1,0,0
30240,com.kitkatandroid.keyboard,1431604081480,0,0,46276,9885,-1.0,-1,0,0
30254,com.kitkatandroid.keyboard,1431604382206,0,0,23406,4912,-1.0,-1,0,0
30259,com.kitkatandroid.keyboard,1431604441151,0,0,52,104,-1.0,-1,0,0
30266,com.kitkatandroid.keyboard,1431604621360,0,0,0,40,-1.0,-1,0,0
30295,com.kitkatandroid.keyboard,1431605222060,0,0,46096,9292,-1.0,-1,0,0
30299,com.kitkatandroid.keyboard,1431605282154,0,0,104,208,-1.0,-1,0,0
30334,com.kitkatandroid.keyboard,1431605581684,0,0,138269,46318,-1.0,-1,0,0
30339,com.kitkatandroid.keyboard,1431605641673,0,0,22806,6232,-1.0,-1,0,0
30354,com.kitkatandroid.keyboard,1431605822279,0,0,23141,9278,-1.0,-1,0,0
30358,com.kitkatandroid.keyboard,1431605881212,0,0,104,156,-1.0,-1,0,0
30365,com.kitkatandroid.keyboard,1431606001650,0,0,0,92,-1.0,-1,0,0
30384,com.kitkatandroid.keyboard,1431606242010,0,0,45341,9036,-1.0,-1,0,0
30389,com.kitkatandroid.keyboard,1431606302359,0,0,368,352,-1.0,-1,0,0
30396,com.kitkatandroid.keyboard,1431606361597,0,0,0,104,-1.0,-1,0,0
30451,com.kitkatandroid.keyboard,1431607081819,0,0,44021,9100,-1.0,-1,0,0
30456,com.kitkatandroid.keyboard,1431607141883,0,0,156,272,-1.0,-1,0,0
30499,com.kitkatandroid.keyboard,1431607801555,0,0,96766,21677,-1.0,-1,0,0
30506,com.kitkatandroid.keyboard,1431607861891,0,0,104,340,-1.0,-1,0,0
30612,com.kitkatandroid.keyboard,1431610501568,0,0,45701,9778,-1.0,-1,0,0
30618,com.kitkatandroid.keyboard,1431610561937,0,0,0,52,-1.0,-1,0,0
30690,com.kitkatandroid.keyboard,1431611641537,0,0,93917,39843,-1.0,-1,0,0
30697,com.kitkatandroid.keyboard,1431611701678,0,0,637,4043,-1.0,-1,0,0
30719,com.kitkatandroid.keyboard,1431611942358,0,0,0,92,-1.0,-1,0,0
30769,com.kitkatandroid.keyboard,1431612541558,0,0,78277,22074,-1.0,-1,0,0
30777,com.kitkatandroid.keyboard,1431612601543,0,0,44395,9268,-1.0,-1,0,0
30839,com.kitkatandroid.keyboard,1431613382056,0,0,144789,48113,-1.0,-1,0,0
30846,com.kitkatandroid.keyboard,1431613442022,0,0,104,320,-1.0,-1,0,0
30852,com.kitkatandroid.keyboard,1431613501260,0,0,337,3176,-1.0,-1,0,0
30864,com.kitkatandroid.keyboard,1431613681732,0,0,0,40,-1.0,-1,0,0
30947,com.kitkatandroid.keyboard,1431615061502,0,0,44572,9000,-1.0,-1,0,0
30956,com.kitkatandroid.keyboard,1431615121699,0,0,397,384,-1.0,-1,0,0
30960,com.kitkatandroid.keyboard,1431615181558,0,0,0,52,-1.0,-1,0,0
30984,com.kitkatandroid.keyboard,1431615421603,0,0,91984,18632,-1.0,-1,0,0
30992,com.kitkatandroid.keyboard,1431615481942,0,0,52,144,-1.0,-1,0,0
31056,com.kitkatandroid.keyboard,1431616801782,0,0,45958,9156,-1.0,-1,0,0
31061,com.kitkatandroid.keyboard,1431616861726,0,0,104,288,-1.0,-1,0,0
31161,com.kitkatandroid.keyboard,1431619441759,0,0,10767,13042,-1.0,-1,0,0
31166,com.kitkatandroid.keyboard,1431619501923,0,0,320,2413,-1.0,-1,0,0
31171,com.kitkatandroid.keyboard,1431619562136,0,0,326,80,-1.0,-1,0,0
31190,com.kitkatandroid.keyboard,1431619802293,0,0,11931,34150,-1.0,-1,0,0
31196,com.kitkatandroid.keyboard,1431619861471,0,0,50755,10002,-1.0,-1,0,0
31201,com.kitkatandroid.keyboard,1431619921490,0,0,17895,1810,-1.0,-1,0,0
31204,com.kitkatandroid.keyboard,1431619981530,0,0,6814,12489,-1.0,-1,0,0
31207,com.kitkatandroid.keyboard,1431620042444,0,0,5738,7629,-1.0,-1,0,0
31211,com.kitkatandroid.keyboard,1431620101554,0,0,17373,672,-1.0,-1,0,0
31220,com.kitkatandroid.keyboard,1431620161852,0,0,5655,6172,-1.0,-1,0,0
31233,com.kitkatandroid.keyboard,1431620282283,0,0,5798,6224,-1.0,-1,0,0
31240,com.kitkatandroid.keyboard,1431620341580,0,0,481,2343,-1.0,-1,0,0
31247,com.kitkatandroid.keyboard,1431620404970,0,0,92,92,-1.0,-1,0,0
31301,com.kitkatandroid.keyboard,1431621842389,0,0,48051,9504,-1.0,-1,0,0
31307,com.kitkatandroid.keyboard,1431621901971,0,0,104,168,-1.0,-1,0,0
31314,com.kitkatandroid.keyboard,1431621962298,0,0,0,40,-1.0,-1,0,0
31324,com.kitkatandroid.keyboard,1431622081374,0,0,46355,9372,-1.0,-1,0,0
31331,com.kitkatandroid.keyboard,1431622141644,0,0,46018,9332,-1.0,-1,0,0
31335,com.kitkatandroid.keyboard,1431622201610,0,0,104,248,-1.0,-1,0,0
31404,com.kitkatandroid.keyboard,1431623222630,0,0,60011,22181,-1.0,-1,0,0
31412,com.kitkatandroid.keyboard,1431623289613,0,0,92,236,-1.0,-1,0,0
31504,com.kitkatandroid.keyboard,1431624421965,0,0,81667,46408,-1.0,-1,0,0
31507,com.kitkatandroid.keyboard,1431624481929,0,0,998,416,-1.0,-1,0,0
31511,com.kitkatandroid.keyboard,1431624541975,0,0,326,80,-1.0,-1,0,0
31532,com.kitkatandroid.keyboard,1431625501743,0,0,5356,7615,-1.0,-1,0,0
31535,com.kitkatandroid.keyboard,1431625561665,0,0,22873,1491,-1.0,-1,0,0
31538,com.kitkatandroid.keyboard,1431625621705,0,0,406,160,-1.0,-1,0,0
31595,com.kitkatandroid.keyboard,1431627128580,0,0,11244,9970,-1.0,-1,0,0
31602,com.kitkatandroid.keyboard,1431627181553,0,0,17449,3044,-1.0,-1,0,0
31605,com.kitkatandroid.keyboard,1431627241467,0,0,4618,304,-1.0,-1,0,0
31611,com.kitkatandroid.keyboard,1431627361593,0,0,40,40,-1.0,-1,0,0
31665,com.kitkatandroid.keyboard,1431628141564,0,0,35624,16666,-1.0,-1,0,0
31683,com.kitkatandroid.keyboard,1431628321777,0,0,101085,31343,-1.0,-1,0,0
31686,com.kitkatandroid.keyboard,1431628381744,0,0,144,408,-1.0,-1,0,0
31694,com.kitkatandroid.keyboard,1431628442178,0,0,0,92,-1.0,-1,0,0
31739,com.kitkatandroid.keyboard,1431628921467,0,0,52147,50286,-1.0,-1,0,0
31745,com.kitkatandroid.keyboard,1431628981689,0,0,4761,2411,-1.0,-1,0,0
31759,com.kitkatandroid.keyboard,1431629221308,0,0,48352,14555,-1.0,-1,0,0
31764,com.kitkatandroid.keyboard,1431629281311,0,0,236,432,-1.0,-1,0,0
31807,com.kitkatandroid.keyboard,1431629702167,0,0,36648,13770,-1.0,-1,0,0
31811,com.kitkatandroid.keyboard,1431629761235,0,0,280,512,-1.0,-1,0,0
31818,com.kitkatandroid.keyboard,1431629821688,0,0,8601,320,-1.0,-1,0,0
31837,com.kitkatandroid.keyboard,1431630061838,0,0,27328,13437,-1.0,-1,0,0
31842,com.kitkatandroid.keyboard,1431630122251,0,0,144,248,-1.0,-1,0,0
31867,com.kitkatandroid.keyboard,1431630482010,0,0,22215,16583,-1.0,-1,0,0
31889,com.kitkatandroid.keyboard,1431630721546,0,0,65975,13536,-1.0,-1,0,0
31901,com.kitkatandroid.keyboard,1431630841748,0,0,36703,29799,-1.0,-1,0,0
31934,com.kitkatandroid.keyboard,1431631261640,0,0,54398,18540,-1.0,-1,0,0
31936,com.kitkatandroid.keyboard,1431631321587,0,0,224,328,-1.0,-1,0,0
31964,com.kitkatandroid.keyboard,1431631562398,0,0,11323,9295,-1.0,-1,0,0
31971,com.kitkatandroid.keyboard,1431631634135,0,0,51613,22452,-1.0,-1,0,0
31977,com.kitkatandroid.keyboard,1431631681438,0,0,25336,7343,-1.0,-1,0,0
31982,com.kitkatandroid.keyboard,1431631741521,0,0,92,144,-1.0,-1,0,0
32005,com.kitkatandroid.keyboard,1431632109362,0,0,10572,11243,-1.0,-1,0,0
32010,com.kitkatandroid.keyboard,1431632161481,0,0,42157,7032,-1.0,-1,0,0
32013,com.kitkatandroid.keyboard,1431632221403,0,0,18642,912,-1.0,-1,0,0
32033,com.kitkatandroid.keyboard,1431632461862,0,0,0,160,-1.0,-1,0,0
32040,com.kitkatandroid.keyboard,1431632539826,0,0,11252,26288,-1.0,-1,0,0
32046,com.kitkatandroid.keyboard,1431632581858,0,0,8206,6411,-1.0,-1,0,0
32053,com.kitkatandroid.keyboard,1431632641841,0,0,42896,24630,-1.0,-1,0,0
32059,com.kitkatandroid.keyboard,1431632708519,0,0,40853,17280,-1.0,-1,0,0
32077,com.kitkatandroid.keyboard,1431632882305,0,0,52871,32150,-1.0,-1,0,0
32082,com.kitkatandroid.keyboard,1431632941336,0,0,8833,4063,-1.0,-1,0,0
32090,com.kitkatandroid.keyboard,1431633001851,0,0,21055,14654,-1.0,-1,0,0
32098,com.kitkatandroid.keyboard,1431633061269,0,0,52504,13302,-1.0,-1,0,0
32203,com.kitkatandroid.keyboard,1431634682000,0,0,124988,91642,-1.0,-1,0,0
32209,com.kitkatandroid.keyboard,1431634741945,0,0,1684,288,-1.0,-1,0,0
32216,com.kitkatandroid.keyboard,1431634802193,0,0,31708,16624,-1.0,-1,0,0
32219,com.kitkatandroid.keyboard,1431634861203,0,0,922,264,-1.0,-1,0,0
32312,com.kitkatandroid.keyboard,1431636122358,0,0,140819,28196,-1.0,-1,0,0
32348,com.kitkatandroid.keyboard,1431636661679,0,0,47630,26475,-1.0,-1,0,0
32364,com.kitkatandroid.keyboard,1431636785599,0,0,47013,11296,-1.0,-1,0,0
32369,com.kitkatandroid.keyboard,1431636841977,0,0,429,3731,-1.0,-1,0,0
32374,com.kitkatandroid.keyboard,1431636904220,0,0,104,156,-1.0,-1,0,0
32389,com.kitkatandroid.keyboard,1431637209079,0,0,0,92,-1.0,-1,0,0
32404,com.kitkatandroid.keyboard,1431637381440,0,0,44919,9208,-1.0,-1,0,0
32407,com.kitkatandroid.keyboard,1431637441433,0,0,52,52,-1.0,-1,0,0
32417,com.kitkatandroid.keyboard,1431637501707,0,0,0,104,-1.0,-1,0,0
32420,com.kitkatandroid.keyboard,1431637561684,0,0,46250,9116,-1.0,-1,0,0
32425,com.kitkatandroid.keyboard,1431637621745,0,0,224,316,-1.0,-1,0,0
32434,com.kitkatandroid.keyboard,1431637681976,0,0,45619,9516,-1.0,-1,0,0
32440,com.kitkatandroid.keyboard,1431637742045,0,0,52,104,-1.0,-1,0,0
32473,com.kitkatandroid.keyboard,1431638101737,0,0,45567,9200,-1.0,-1,0,0
32481,com.kitkatandroid.keyboard,1431638162024,0,0,52,288,-1.0,-1,0,0
32503,com.kitkatandroid.keyboard,1431638402739,0,0,45054,9240,-1.0,-1,0,0
32506,com.kitkatandroid.keyboard,1431638461910,0,0,156,272,-1.0,-1,0,0
32524,com.kitkatandroid.keyboard,1431638642523,0,0,45560,27919,-1.0,-1,0,0
32527,com.kitkatandroid.keyboard,1431638702230,0,0,545,2391,-1.0,-1,0,0
32532,com.kitkatandroid.keyboard,1431638761236,0,0,52,92,-1.0,-1,0,0
32543,com.kitkatandroid.keyboard,1431638821500,0,0,44971,9260,-1.0,-1,0,0
32560,com.kitkatandroid.keyboard,1431639062007,0,0,46260,9516,-1.0,-1,0,0
32565,com.kitkatandroid.keyboard,1431639122599,0,0,52,196,-1.0,-1,0,0
32633,com.kitkatandroid.keyboard,1431640503286,0,0,45863,9024,-1.0,-1,0,0
32638,com.kitkatandroid.keyboard,1431640561458,0,0,172,172,-1.0,-1,0,0
32692,com.kitkatandroid.keyboard,1431641341532,0,0,45577,9668,-1.0,-1,0,0
32698,com.kitkatandroid.keyboard,1431641401535,0,0,156,272,-1.0,-1,0,0
32903,com.kitkatandroid.keyboard,1431651961466,0,0,0,40,-1.0,-1,0,0
33379,com.kitkatandroid.keyboard,1431678481899,0,0,45863,9076,-1.0,-1,0,0
33385,com.kitkatandroid.keyboard,1431678541923,0,0,224,224,-1.0,-1,0,0
33389,com.kitkatandroid.keyboard,1431678602300,0,0,0,104,-1.0,-1,0,0
33397,com.kitkatandroid.keyboard,1431678721394,0,0,0,80,-1.0,-1,0,0
33412,com.kitkatandroid.keyboard,1431679021461,0,0,46701,26271,-1.0,-1,0,0
33416,com.kitkatandroid.keyboard,1431679081470,0,0,52,236,-1.0,-1,0,0
33427,com.kitkatandroid.keyboard,1431679142037,0,0,23081,7772,-1.0,-1,0,0
33434,com.kitkatandroid.keyboard,1431679203063,0,0,69580,16095,-1.0,-1,0,0
33443,com.kitkatandroid.keyboard,1431679262028,0,0,172,264,-1.0,-1,0,0
33451,com.kitkatandroid.keyboard,1431679322554,0,0,24456,10259,-1.0,-1,0,0
33459,com.kitkatandroid.keyboard,1431679381709,0,0,441,2367,-1.0,-1,0,0
33466,com.kitkatandroid.keyboard,1431679441587,0,0,52668,12166,-1.0,-1,0,0
33473,com.kitkatandroid.keyboard,1431679501643,0,0,23795,8823,-1.0,-1,0,0
33480,com.kitkatandroid.keyboard,1431679621593,0,0,46862,11635,-1.0,-1,0,0
33483,com.kitkatandroid.keyboard,1431679681602,0,0,441,3939,-1.0,-1,0,0
33492,com.kitkatandroid.keyboard,1431679742189,0,0,46658,9252,-1.0,-1,0,0
33499,com.kitkatandroid.keyboard,1431679801467,0,0,224,408,-1.0,-1,0,0
33505,com.kitkatandroid.keyboard,1431679861497,0,0,0,52,-1.0,-1,0,0
33570,com.kitkatandroid.keyboard,1431680941598,0,0,46532,9280,-1.0,-1,0,0
33574,com.kitkatandroid.keyboard,1431681001720,0,0,104,208,-1.0,-1,0,0
33598,com.kitkatandroid.keyboard,1431681481386,0,0,0,40,-1.0,-1,0,0
33611,com.kitkatandroid.keyboard,1431681661403,0,0,45634,9112,-1.0,-1,0,0
33616,com.kitkatandroid.keyboard,1431681721424,0,0,52,196,-1.0,-1,0,0
33708,com.kitkatandroid.keyboard,1431683282196,0,0,47274,9741,-1.0,-1,0,0
33724,com.kitkatandroid.keyboard,1431683461873,0,0,24074,4904,-1.0,-1,0,0
33727,com.kitkatandroid.keyboard,1431683521872,0,0,52,52,-1.0,-1,0,0
33729,com.kitkatandroid.keyboard,1431683582561,0,0,0,52,-1.0,-1,0,0
33745,com.kitkatandroid.keyboard,1431683882041,0,0,47374,26279,-1.0,-1,0,0
33751,com.kitkatandroid.keyboard,1431683942314,0,0,208,272,-1.0,-1,0,0
33753,com.kitkatandroid.keyboard,1431684003396,0,0,337,1640,-1.0,-1,0,0
33797,com.kitkatandroid.keyboard,1431684781438,0,0,69873,14280,-1.0,-1,0,0
33800,com.kitkatandroid.keyboard,1431684841354,0,0,52,104,-1.0,-1,0,0
33807,com.kitkatandroid.keyboard,1431684904735,0,0,0,40,-1.0,-1,0,0
33922,com.kitkatandroid.keyboard,1431686821539,0,0,139301,28228,-1.0,-1,0,0
33936,com.kitkatandroid.keyboard,1431686942309,0,0,47754,26607,-1.0,-1,0,0
33939,com.kitkatandroid.keyboard,1431687001677,0,0,545,1860,-1.0,-1,0,0
33946,com.kitkatandroid.keyboard,1431687061826,0,0,22792,4724,-1.0,-1,0,0
33950,com.kitkatandroid.keyboard,1431687121783,0,0,429,2239,-1.0,-1,0,0
33955,com.kitkatandroid.keyboard,1431687182209,0,0,23715,4684,-1.0,-1,0,0
33962,com.kitkatandroid.keyboard,1431687241502,0,0,132,132,-1.0,-1,0,0
33965,com.kitkatandroid.keyboard,1431687301338,0,0,0,52,-1.0,-1,0,0
34173,com.kitkatandroid.keyboard,1431692461562,0,0,47466,11400,-1.0,-1,0,0
34199,com.kitkatandroid.keyboard,1431693001580,0,0,48235,10706,-1.0,-1,0,0
34225,com.kitkatandroid.keyboard,1431693481593,0,0,49844,12052,-1.0,-1,0,0
34236,com.kitkatandroid.keyboard,1431693739993,0,0,0,80,-1.0,-1,0,0
34498,com.kitkatandroid.keyboard,1431699061872,0,0,51578,12843,-1.0,-1,0,0
34600,com.kitkatandroid.keyboard,1431702286649,0,0,11326,29837,-1.0,-1,0,0
34614,com.kitkatandroid.keyboard,1431702361292,0,0,1550,2236,-1.0,-1,0,0
34742,com.kitkatandroid.keyboard,1431705301890,0,0,27283,10260,-1.0,-1,0,0
34756,com.kitkatandroid.keyboard,1431705541979,0,0,21447,5393,-1.0,-1,0,0
34761,com.kitkatandroid.keyboard,1431705602067,0,0,192,896,-1.0,-1,0,0
34768,com.kitkatandroid.keyboard,1431705661482,0,0,120,452,-1.0,-1,0,0
34799,com.kitkatandroid.keyboard,1431706261877,0,0,59135,15182,-1.0,-1,0,0
34805,com.kitkatandroid.keyboard,1431706321950,0,0,1724,408,-1.0,-1,0,0
34807,com.kitkatandroid.keyboard,1431706381992,0,0,8424,240,-1.0,-1,0,0
34814,com.kitkatandroid.keyboard,1431706502252,0,0,0,240,-1.0,-1,0,0
34826,com.kitkatandroid.keyboard,1431706741349,0,0,50419,12140,-1.0,-1,0,0
34867,com.kitkatandroid.keyboard,1431707581283,0,0,88313,36027,-1.0,-1,0,0
35042,com.kitkatandroid.keyboard,1431713881520,0,0,49857,21826,-1.0,-1,0,0
35043,com.kitkatandroid.keyboard,1431713941481,0,0,0,52,-1.0,-1,0,0
35046,com.kitkatandroid.keyboard,1431714001490,0,0,40,40,-1.0,-1,0,0
35130,com.kitkatandroid.keyboard,1431716466564,0,0,27337,11026,-1.0,-1,0,0
35137,com.kitkatandroid.keyboard,1431716521666,0,0,52,104,-1.0,-1,0,0
35216,com.kitkatandroid.keyboard,1431717961571,0,0,45051,14707,-1.0,-1,0,0
35274,com.kitkatandroid.keyboard,1431718621515,0,0,51939,15709,-1.0,-1,0,0
35279,com.kitkatandroid.keyboard,1431718681512,0,0,63024,17346,-1.0,-1,0,0
35283,com.kitkatandroid.keyboard,1431718741636,0,0,21382,1048,-1.0,-1,0,0
35289,com.kitkatandroid.keyboard,1431718804117,0,0,40,40,-1.0,-1,0,0
35296,com.kitkatandroid.keyboard,1431718921407,0,0,50473,32283,-1.0,-1,0,0
35298,com.kitkatandroid.keyboard,1431718981688,0,0,320,640,-1.0,-1,0,0
35305,com.kitkatandroid.keyboard,1431719041779,0,0,15550,9798,-1.0,-1,0,0
35307,com.kitkatandroid.keyboard,1431719101689,0,0,469,2291,-1.0,-1,0,0
35312,com.kitkatandroid.keyboard,1431719161792,0,0,810,1712,-1.0,-1,0,0
35336,com.kitkatandroid.keyboard,1431719461223,0,0,76968,23345,-1.0,-1,0,0
35339,com.kitkatandroid.keyboard,1431719521239,0,0,17912,936,-1.0,-1,0,0
35359,com.kitkatandroid.keyboard,1431719941634,0,0,45924,13953,-1.0,-1,0,0
35364,com.kitkatandroid.keyboard,1431720001714,0,0,15614,1028,-1.0,-1,0,0
35371,com.kitkatandroid.keyboard,1431720062214,0,0,40,40,-1.0,-1,0,0
35389,com.kitkatandroid.keyboard,1431720247893,0,0,13191,14045,-1.0,-1,0,0
35396,com.kitkatandroid.keyboard,1431720301966,0,0,132,184,-1.0,-1,0,0
35418,com.kitkatandroid.keyboard,1431720497935,0,0,64612,46830,-1.0,-1,0,0
35426,com.kitkatandroid.keyboard,1431720542911,0,0,42017,10150,-1.0,-1,0,0
35429,com.kitkatandroid.keyboard,1431720601953,0,0,9293,3808,-1.0,-1,0,0
35434,com.kitkatandroid.keyboard,1431720662390,0,0,184,144,-1.0,-1,0,0
35442,com.kitkatandroid.keyboard,1431720721511,0,0,0,212,-1.0,-1,0,0
35464,com.kitkatandroid.keyboard,1431720902038,0,0,0,92,-1.0,-1,0,0
35511,com.kitkatandroid.keyboard,1431721501977,0,0,46246,10451,-1.0,-1,0,0
35544,com.kitkatandroid.keyboard,1431721991906,0,0,32245,12770,-1.0,-1,0,0
35551,com.kitkatandroid.keyboard,1431722041897,0,0,59715,5768,-1.0,-1,0,0
35565,com.kitkatandroid.keyboard,1431722281157,0,0,26366,11723,-1.0,-1,0,0
35573,com.kitkatandroid.keyboard,1431722341605,0,0,5603,7042,-1.0,-1,0,0
35579,com.kitkatandroid.keyboard,1431722401939,0,0,104,380,-1.0,-1,0,0
35643,com.kitkatandroid.keyboard,1431723062160,0,0,62373,21132,-1.0,-1,0,0
35652,com.kitkatandroid.keyboard,1431723122477,0,0,16384,2389,-1.0,-1,0,0
35690,com.kitkatandroid.keyboard,1431723546547,0,0,47197,14421,-1.0,-1,0,0
35715,com.kitkatandroid.keyboard,1431723781921,0,0,55479,50080,-1.0,-1,0,0
35721,com.kitkatandroid.keyboard,1431723842685,0,0,208,979,-1.0,-1,0,0
35722,com.kitkatandroid.keyboard,1431723901651,0,0,5255,6448,-1.0,-1,0,0
35741,com.kitkatandroid.keyboard,1431724081765,0,0,72229,14757,-1.0,-1,0,0
35748,com.kitkatandroid.keyboard,1431724141787,0,0,22619,2977,-1.0,-1,0,0
35755,com.kitkatandroid.keyboard,1431724261773,0,0,326,80,-1.0,-1,0,0
35807,com.kitkatandroid.keyboard,1431724862051,0,0,76026,25650,-1.0,-1,0,0
35809,com.kitkatandroid.keyboard,1431724921973,0,0,172,224,-1.0,-1,0,0
35865,com.kitkatandroid.keyboard,1431725821757,0,0,75637,19402,-1.0,-1,0,0
35867,com.kitkatandroid.keyboard,1431725882452,0,0,4828,656,-1.0,-1,0,0
35887,com.kitkatandroid.keyboard,1431726182411,0,0,28300,37192,-1.0,-1,0,0
35895,com.kitkatandroid.keyboard,1431726242228,0,0,52415,12805,-1.0,-1,0,0
35918,com.kitkatandroid.keyboard,1431726541652,0,0,50021,23447,-1.0,-1,0,0
35923,com.kitkatandroid.keyboard,1431726602543,0,0,224,328,-1.0,-1,0,0
35928,com.kitkatandroid.keyboard,1431726661484,0,0,286,240,-1.0,-1,0,0
35947,com.kitkatandroid.keyboard,1431726962222,0,0,29256,11218,-1.0,-1,0,0
35951,com.kitkatandroid.keyboard,1431727021201,0,0,7326,668,-1.0,-1,0,0
35954,com.kitkatandroid.keyboard,1431727081197,0,0,7812,280,-1.0,-1,0,0
35959,com.kitkatandroid.keyboard,1431727141481,0,0,0,160,-1.0,-1,0,0
35979,com.kitkatandroid.keyboard,1431727201759,0,0,0,0,-1.0,-1,0,0
36009,com.kitkatandroid.keyboard,1431727801900,0,0,50443,14957,-1.0,-1,0,0
36028,com.kitkatandroid.keyboard,1431727982281,0,0,29264,14999,-1.0,-1,0,0
36034,com.kitkatandroid.keyboard,1431728041424,0,0,24370,2314,-1.0,-1,0,0
36040,com.kitkatandroid.keyboard,1431728102739,0,0,80,80,-1.0,-1,0,0
36056,com.kitkatandroid.keyboard,1431728402490,0,0,0,200,-1.0,-1,0,0
36740,com.kitkatandroid.keyboard,1431765302247,0,0,45512,9232,-1.0,-1,0,0
36746,com.kitkatandroid.keyboard,1431765361449,0,0,104,248,-1.0,-1,0,0
36753,com.kitkatandroid.keyboard,1431765421553,0,0,0,80,-1.0,-1,0,0
36778,com.kitkatandroid.keyboard,1431765721571,0,0,46176,26648,-1.0,-1,0,0
36816,com.kitkatandroid.keyboard,1431766388967,0,0,91025,28437,-1.0,-1,0,0
36824,com.kitkatandroid.keyboard,1431766442776,0,0,52,104,-1.0,-1,0,0
36854,com.kitkatandroid.keyboard,1431766982039,0,0,44649,9196,-1.0,-1,0,0
36886,com.kitkatandroid.keyboard,1431767342223,0,0,91819,18856,-1.0,-1,0,0
36894,com.kitkatandroid.keyboard,1431767406833,0,0,104,208,-1.0,-1,0,0
36910,com.kitkatandroid.keyboard,1431767641487,0,0,95744,39681,-1.0,-1,0,0
36916,com.kitkatandroid.keyboard,1431767701731,0,0,50558,13036,-1.0,-1,0,0
36919,com.kitkatandroid.keyboard,1431767761762,0,0,22717,9576,-1.0,-1,0,0
36957,com.kitkatandroid.keyboard,1431768183091,0,0,74693,19372,-1.0,-1,0,0
36959,com.kitkatandroid.keyboard,1431768242457,0,0,144,288,-1.0,-1,0,0
36975,com.kitkatandroid.keyboard,1431768601827,0,0,0,40,-1.0,-1,0,0
37018,com.kitkatandroid.keyboard,1431769201846,0,0,45887,9288,-1.0,-1,0,0
37025,com.kitkatandroid.keyboard,1431769263161,0,0,52,104,-1.0,-1,0,0
37040,com.kitkatandroid.keyboard,1431769621719,0,0,57506,15223,-1.0,-1,0,0
37066,com.kitkatandroid.keyboard,1431769861309,0,0,51706,12486,-1.0,-1,0,0
37073,com.kitkatandroid.keyboard,1431769922152,0,0,144,328,-1.0,-1,0,0
37116,com.kitkatandroid.keyboard,1431770701470,0,0,52233,29324,-1.0,-1,0,0
37119,com.kitkatandroid.keyboard,1431770761444,0,0,481,1876,-1.0,-1,0,0
37131,com.kitkatandroid.keyboard,1431770942052,0,0,44266,9160,-1.0,-1,0,0
37140,com.kitkatandroid.keyboard,1431771004917,0,0,144,340,-1.0,-1,0,0
37148,com.kitkatandroid.keyboard,1431771121922,0,0,45606,9320,-1.0,-1,0,0
37149,com.kitkatandroid.keyboard,1431771182252,0,0,104,208,-1.0,-1,0,0
